Run,ReleaseDate,LoadDate,spots,bases,spots_with_mates,avgLength,size_MB,AssemblyName,download_path,Experiment,LibraryName,LibraryStrategy,LibrarySelection,LibrarySource,LibraryLayout,InsertSize,InsertDev,Platform,Model,SRAStudy,BioProject,Study_Pubmed_id,ProjectID,Sample,BioSample,SampleType,TaxID,ScientificName,SampleName,g1k_pop_code,source,g1k_analysis_group,Subject_ID,Sex,Disease,Tumor,Affection_Status,Analyte_Type,Histological_Type,Body_Site,CenterName,Submission,dbgap_study_accession,Consent,RunHash,ReadHash
SRR8728412,2019-05-13 16:37:07,2019-03-14 16:13:02,20312624,2539078000,0,125,798,,https://sra-download.ncbi.nlm.nih.gov/traces/sra0/SRR/008523/SRR8728412,SRX5521601,,MBD-Seq,MBD2 protein methyl-CpG binding domain,GENOMIC,SINGLE,0,0,ILLUMINA,Illumina Genome Analyzer IIx,SRP188421,PRJNA527061,3,527061,SRS4488840,SAMN11126139,simple,9606,Homo sapiens,GSM3670850,,,,,,,no,,,,,GEO,SRA860113,,public,9EDD6396D133FB5E80F401528A9FC553,8F289637A5376B09EDB8B19C7F31E583
SRR8728413,2019-05-13 16:37:07,2019-03-14 16:12:59,20229226,2528653250,0,125,796,,https://sra-download.ncbi.nlm.nih.gov/traces/sra16/SRR/008523/SRR8728413,SRX5521601,,MBD-Seq,MBD2 protein methyl-CpG binding domain,GENOMIC,SINGLE,0,0,ILLUMINA,Illumina Genome Analyzer IIx,SRP188421,PRJNA527061,3,527061,SRS4488840,SAMN11126139,simple,9606,Homo sapiens,GSM3670850,,,,,,,no,,,,,GEO,SRA860113,,public,56C92DC0375B91C381A5CAE44E298FEF,2C6FC7789F4E44B81AA527C3506492B6
SRR8728414,2019-05-13 16:37:07,2019-03-14 16:13:16,20206078,2525759750,0,125,796,,https://sra-download.ncbi.nlm.nih.gov/traces/sra73/SRR/008523/SRR8728414,SRX5521601,,MBD-Seq,MBD2 protein methyl-CpG binding domain,GENOMIC,SINGLE,0,0,ILLUMINA,Illumina Genome Analyzer IIx,SRP188421,PRJNA527061,3,527061,SRS4488840,SAMN11126139,simple,9606,Homo sapiens,GSM3670850,,,,,,,no,,,,,GEO,SRA860113,,public,B621AF51420B1AD39794507157037A9D,7498669693C147FE677CE99E7C2F1C25
SRR8728415,2019-05-13 16:37:07,2019-03-14 16:14:11,20239064,2529883000,0,125,798,,https://sra-download.ncbi.nlm.nih.gov/traces/sra42/SRR/008523/SRR8728415,SRX5521601,,MBD-Seq,MBD2 protein methyl-CpG binding domain,GENOMIC,SINGLE,0,0,ILLUMINA,Illumina Genome Analyzer IIx,SRP188421,PRJNA527061,3,527061,SRS4488840,SAMN11126139,simple,9606,Homo sapiens,GSM3670850,,,,,,,no,,,,,GEO,SRA860113,,public,BD026B3181330FCACD6317DC63B0CC83,6D289ADE408222FFD1C3345ED827ABF2
SRR8728416,2019-05-13 16:37:07,2019-03-14 16:19:57,22108745,2763593125,0,125,874,,https://sra-download.ncbi.nlm.nih.gov/traces/sra2/SRR/008523/SRR8728416,SRX5521602,,MBD-Seq,MBD2 protein methyl-CpG binding domain,GENOMIC,SINGLE,0,0,ILLUMINA,Illumina Genome Analyzer IIx,SRP188421,PRJNA527061,3,527061,SRS4488841,SAMN11126138,simple,9606,Homo sapiens,GSM3670851,,,,,,,no,,,,,GEO,SRA860113,,public,6405B9BBF4FA76DAFBE38AB4DF40F2E9,595BAAB5852E4616B2D5A74253C4C702
SRR8728417,2019-05-13 16:37:07,2019-03-14 16:21:46,22004856,2750607000,0,125,872,,https://sra-download.ncbi.nlm.nih.gov/traces/sra16/SRR/008523/SRR8728417,SRX5521602,,MBD-Seq,MBD2 protein methyl-CpG binding domain,GENOMIC,SINGLE,0,0,ILLUMINA,Illumina Genome Analyzer IIx,SRP188421,PRJNA527061,3,527061,SRS4488841,SAMN11126138,simple,9606,Homo sapiens,GSM3670851,,,,,,,no,,,,,GEO,SRA860113,,public,30C43CF97AB72CE15BFBE4D60D745B58,AFFC921F6CD1B338675477CB981D467D
SRR8728418,2019-05-13 16:37:07,2019-03-14 16:20:49,21990089,2748761125,0,125,872,,https://sra-download.ncbi.nlm.nih.gov/traces/sra73/SRR/008523/SRR8728418,SRX5521602,,MBD-Seq,MBD2 protein methyl-CpG binding domain,GENOMIC,SINGLE,0,0,ILLUMINA,Illumina Genome Analyzer IIx,SRP188421,PRJNA527061,3,527061,SRS4488841,SAMN11126138,simple,9606,Homo sapiens,GSM3670851,,,,,,,no,,,,,GEO,SRA860113,,public,63DAE59CA1EB73CA1D44C67328AC22B4,AA76B63A50ECA45ED2B5C32A703AA772
SRR8728419,2019-05-13 16:37:07,2019-03-14 16:21:16,21998832,2749854000,0,125,873,,https://sra-download.ncbi.nlm.nih.gov/traces/sra42/SRR/008523/SRR8728419,SRX5521602,,MBD-Seq,MBD2 protein methyl-CpG binding domain,GENOMIC,SINGLE,0,0,ILLUMINA,Illumina Genome Analyzer IIx,SRP188421,PRJNA527061,3,527061,SRS4488841,SAMN11126138,simple,9606,Homo sapiens,GSM3670851,,,,,,,no,,,,,GEO,SRA860113,,public,4CED7DF96B962C747DBF4E36A8D484C2,02B9F8A10BD350C68C01547A25048D8C
SRR8728420,2019-05-13 16:37:07,2019-03-14 16:18:23,18728084,2341010500,0,125,737,,https://sra-download.ncbi.nlm.nih.gov/traces/sra16/SRR/008523/SRR8728420,SRX5521603,,MBD-Seq,MBD2 protein methyl-CpG binding domain,GENOMIC,SINGLE,0,0,ILLUMINA,Illumina Genome Analyzer IIx,SRP188421,PRJNA527061,3,527061,SRS4488842,SAMN11126137,simple,9606,Homo sapiens,GSM3670852,,,,,,,no,,,,,GEO,SRA860113,,public,B608C045F1F73B0D6FDF111EA2DC6F4F,92BF171B5C1D81395D470FF202125DD5
SRR8728421,2019-05-13 16:37:07,2019-03-14 16:18:53,18893533,2361691625,0,125,743,,https://sra-download.ncbi.nlm.nih.gov/traces/sra41/SRR/008523/SRR8728421,SRX5521603,,MBD-Seq,MBD2 protein methyl-CpG binding domain,GENOMIC,SINGLE,0,0,ILLUMINA,Illumina Genome Analyzer IIx,SRP188421,PRJNA527061,3,527061,SRS4488842,SAMN11126137,simple,9606,Homo sapiens,GSM3670852,,,,,,,no,,,,,GEO,SRA860113,,public,6DF3BE67C07A5E081496A567E4E4CABF,76F437262F2A793415AA912772509FE7
SRR8728422,2019-05-13 16:37:07,2019-03-14 16:20:40,18888808,2361101000,0,125,741,,https://sra-download.ncbi.nlm.nih.gov/traces/sra42/SRR/008523/SRR8728422,SRX5521603,,MBD-Seq,MBD2 protein methyl-CpG binding domain,GENOMIC,SINGLE,0,0,ILLUMINA,Illumina Genome Analyzer IIx,SRP188421,PRJNA527061,3,527061,SRS4488842,SAMN11126137,simple,9606,Homo sapiens,GSM3670852,,,,,,,no,,,,,GEO,SRA860113,,public,A090BE816DF6B45D8F15EDDB83EFCA3E,51B054F1FA24A625FC8B195FAD116EB9
SRR8728423,2019-05-13 16:37:07,2019-03-14 16:20:03,18902427,2362803375,0,125,743,,https://sra-download.ncbi.nlm.nih.gov/traces/sra2/SRR/008523/SRR8728423,SRX5521603,,MBD-Seq,MBD2 protein methyl-CpG binding domain,GENOMIC,SINGLE,0,0,ILLUMINA,Illumina Genome Analyzer IIx,SRP188421,PRJNA527061,3,527061,SRS4488842,SAMN11126137,simple,9606,Homo sapiens,GSM3670852,,,,,,,no,,,,,GEO,SRA860113,,public,5C8E3AE971A659524B6075F89D7D85BA,D4B1407421A1DDE8D4CC901AD2778B57
SRR8728424,2019-05-13 16:37:07,2019-03-14 16:19:34,20232903,2529112875,0,125,796,,https://sra-download.ncbi.nlm.nih.gov/traces/sra41/SRR/008523/SRR8728424,SRX5521604,,MBD-Seq,MBD2 protein methyl-CpG binding domain,GENOMIC,SINGLE,0,0,ILLUMINA,Illumina Genome Analyzer IIx,SRP188421,PRJNA527061,3,527061,SRS4488843,SAMN11126136,simple,9606,Homo sapiens,GSM3670853,,,,,,,no,,,,,GEO,SRA860113,,public,85681ADC751877ABA91B830449AD191A,43509C64962EFA68E769F08A82714BBE
SRR8728425,2019-05-13 16:37:07,2019-03-14 16:20:56,20151705,2518963125,0,125,794,,https://sra-download.ncbi.nlm.nih.gov/traces/sra16/SRR/008523/SRR8728425,SRX5521604,,MBD-Seq,MBD2 protein methyl-CpG binding domain,GENOMIC,SINGLE,0,0,ILLUMINA,Illumina Genome Analyzer IIx,SRP188421,PRJNA527061,3,527061,SRS4488843,SAMN11126136,simple,9606,Homo sapiens,GSM3670853,,,,,,,no,,,,,GEO,SRA860113,,public,A1F6A3BF1DFF2D86064AD88A91D0CBD2,BE094118A4D8EE354B95F34538B23E80
SRR8728426,2019-05-13 16:37:07,2019-03-14 16:21:07,20133265,2516658125,0,125,794,,https://sra-download.ncbi.nlm.nih.gov/traces/sra42/SRR/008523/SRR8728426,SRX5521604,,MBD-Seq,MBD2 protein methyl-CpG binding domain,GENOMIC,SINGLE,0,0,ILLUMINA,Illumina Genome Analyzer IIx,SRP188421,PRJNA527061,3,527061,SRS4488843,SAMN11126136,simple,9606,Homo sapiens,GSM3670853,,,,,,,no,,,,,GEO,SRA860113,,public,3F17B248DB3E881D11991B9FCD9BD114,5D3A2A6A9DA6EFA7E69D8ACA7F2A5E9C
SRR8728427,2019-05-13 16:37:07,2019-03-14 16:20:00,20176603,2522075375,0,125,797,,https://sra-download.ncbi.nlm.nih.gov/traces/sra73/SRR/008523/SRR8728427,SRX5521604,,MBD-Seq,MBD2 protein methyl-CpG binding domain,GENOMIC,SINGLE,0,0,ILLUMINA,Illumina Genome Analyzer IIx,SRP188421,PRJNA527061,3,527061,SRS4488843,SAMN11126136,simple,9606,Homo sapiens,GSM3670853,,,,,,,no,,,,,GEO,SRA860113,,public,15606E282E5B928E9269B90F51DDD437,0AD7480DEF8DC96EB751273AE088586A
SRR8728428,2019-05-13 16:37:07,2019-03-14 16:21:32,19872102,2484012750,0,125,782,,https://sra-download.ncbi.nlm.nih.gov/traces/sra0/SRR/008523/SRR8728428,SRX5521605,,MBD-Seq,MBD2 protein methyl-CpG binding domain,GENOMIC,SINGLE,0,0,ILLUMINA,Illumina Genome Analyzer IIx,SRP188421,PRJNA527061,3,527061,SRS4488844,SAMN11126135,simple,9606,Homo sapiens,GSM3670854,,,,,,,no,,,,,GEO,SRA860113,,public,3D260EFD0A33354D45077BEF74D91D20,3FC3EE49A226DF7D6BA0E80EC55FC960
SRR8728429,2019-05-13 16:37:07,2019-03-14 16:20:34,19785366,2473170750,0,125,780,,https://sra-download.ncbi.nlm.nih.gov/traces/sra73/SRR/008523/SRR8728429,SRX5521605,,MBD-Seq,MBD2 protein methyl-CpG binding domain,GENOMIC,SINGLE,0,0,ILLUMINA,Illumina Genome Analyzer IIx,SRP188421,PRJNA527061,3,527061,SRS4488844,SAMN11126135,simple,9606,Homo sapiens,GSM3670854,,,,,,,no,,,,,GEO,SRA860113,,public,9DDAC6F18A4CFB7334F38317F381D198,410FCE08559AA2C7E1A2F4429C328039
SRR8728430,2019-05-13 16:37:07,2019-03-14 16:24:21,19797983,2474747875,0,125,781,,https://sra-download.ncbi.nlm.nih.gov/traces/sra16/SRR/008523/SRR8728430,SRX5521605,,MBD-Seq,MBD2 protein methyl-CpG binding domain,GENOMIC,SINGLE,0,0,ILLUMINA,Illumina Genome Analyzer IIx,SRP188421,PRJNA527061,3,527061,SRS4488844,SAMN11126135,simple,9606,Homo sapiens,GSM3670854,,,,,,,no,,,,,GEO,SRA860113,,public,9DD96AB794246D0773476C42E1B59E8E,B95241F759E2A82BED7E72E1264F03D8
SRR8728431,2019-05-13 16:37:07,2019-03-14 16:23:54,19824058,2478007250,0,125,783,,https://sra-download.ncbi.nlm.nih.gov/traces/sra0/SRR/008523/SRR8728431,SRX5521605,,MBD-Seq,MBD2 protein methyl-CpG binding domain,GENOMIC,SINGLE,0,0,ILLUMINA,Illumina Genome Analyzer IIx,SRP188421,PRJNA527061,3,527061,SRS4488844,SAMN11126135,simple,9606,Homo sapiens,GSM3670854,,,,,,,no,,,,,GEO,SRA860113,,public,E8452BCE5C84F306948623010547E513,FFC95801311280BAD343306EEFA9811D
SRR8728432,2019-05-13 16:37:07,2019-03-14 16:21:54,18016553,2252069125,0,125,711,,https://sra-download.ncbi.nlm.nih.gov/traces/sra42/SRR/008523/SRR8728432,SRX5521606,,MBD-Seq,MBD2 protein methyl-CpG binding domain,GENOMIC,SINGLE,0,0,ILLUMINA,Illumina Genome Analyzer IIx,SRP188421,PRJNA527061,3,527061,SRS4488845,SAMN11126134,simple,9606,Homo sapiens,GSM3670855,,,,,,,no,,,,,GEO,SRA860113,,public,2A34974E6C26EFEE6A89C133F2F81F82,C59CE78487B413F3DD0E7ACF5C6A9130
SRR8728433,2019-05-13 16:37:07,2019-03-14 16:22:29,18155585,2269448125,0,125,715,,https://sra-download.ncbi.nlm.nih.gov/traces/sra0/SRR/008523/SRR8728433,SRX5521606,,MBD-Seq,MBD2 protein methyl-CpG binding domain,GENOMIC,SINGLE,0,0,ILLUMINA,Illumina Genome Analyzer IIx,SRP188421,PRJNA527061,3,527061,SRS4488845,SAMN11126134,simple,9606,Homo sapiens,GSM3670855,,,,,,,no,,,,,GEO,SRA860113,,public,C7806E1741018F473521697A093533C6,82FC58BD4322C89C475179CB8694321D
SRR8728434,2019-05-13 16:37:07,2019-03-14 16:22:32,18124543,2265567875,0,125,712,,https://sra-download.ncbi.nlm.nih.gov/traces/sra16/SRR/008523/SRR8728434,SRX5521606,,MBD-Seq,MBD2 protein methyl-CpG binding domain,GENOMIC,SINGLE,0,0,ILLUMINA,Illumina Genome Analyzer IIx,SRP188421,PRJNA527061,3,527061,SRS4488845,SAMN11126134,simple,9606,Homo sapiens,GSM3670855,,,,,,,no,,,,,GEO,SRA860113,,public,6400401DEC569A2D14EB4F91008A256F,FBD63FC0D2B9CA5087C87FF1FF53F574
SRR8728435,2019-05-13 16:37:07,2019-03-14 16:23:31,18162491,2270311375,0,125,715,,https://sra-download.ncbi.nlm.nih.gov/traces/sra73/SRR/008523/SRR8728435,SRX5521606,,MBD-Seq,MBD2 protein methyl-CpG binding domain,GENOMIC,SINGLE,0,0,ILLUMINA,Illumina Genome Analyzer IIx,SRP188421,PRJNA527061,3,527061,SRS4488845,SAMN11126134,simple,9606,Homo sapiens,GSM3670855,,,,,,,no,,,,,GEO,SRA860113,,public,7256542FD31C5CE4E824E43B29897533,AD7196B72FE466A326A75CC8BDEE2C5C
SRR8728436,2019-05-13 16:37:07,2019-03-14 16:23:09,17497273,2187159125,0,125,689,,https://sra-download.ncbi.nlm.nih.gov/traces/sra16/SRR/008523/SRR8728436,SRX5521607,,MBD-Seq,MBD2 protein methyl-CpG binding domain,GENOMIC,SINGLE,0,0,ILLUMINA,Illumina Genome Analyzer IIx,SRP188421,PRJNA527061,3,527061,SRS4488846,SAMN11126133,simple,9606,Homo sapiens,GSM3670856,,,,,,,no,,,,,GEO,SRA860113,,public,510301A7859B8E67C379D381BF70BF1B,D4C186AC4A48FAA5A7A5BE59F87B5C0F
SRR8728437,2019-05-13 16:37:07,2019-03-14 16:22:32,17646496,2205812000,0,125,694,,https://sra-download.ncbi.nlm.nih.gov/traces/sra42/SRR/008523/SRR8728437,SRX5521607,,MBD-Seq,MBD2 protein methyl-CpG binding domain,GENOMIC,SINGLE,0,0,ILLUMINA,Illumina Genome Analyzer IIx,SRP188421,PRJNA527061,3,527061,SRS4488846,SAMN11126133,simple,9606,Homo sapiens,GSM3670856,,,,,,,no,,,,,GEO,SRA860113,,public,4904A08C62F76FF48B47F1588FC5F8E3,8EA9EF5CAAE776990FD809C9ED419C6C
SRR8728438,2019-05-13 16:37:07,2019-03-14 16:21:32,17625872,2203234000,0,125,691,,https://sra-download.ncbi.nlm.nih.gov/traces/sra16/SRR/008523/SRR8728438,SRX5521607,,MBD-Seq,MBD2 protein methyl-CpG binding domain,GENOMIC,SINGLE,0,0,ILLUMINA,Illumina Genome Analyzer IIx,SRP188421,PRJNA527061,3,527061,SRS4488846,SAMN11126133,simple,9606,Homo sapiens,GSM3670856,,,,,,,no,,,,,GEO,SRA860113,,public,CDC001BF029DAB1BBA7C94D2E769536F,85A4FA47A6E45AFC14E41EC70E4A13D9
SRR8728439,2019-05-13 16:37:07,2019-03-14 16:22:42,17669184,2208648000,0,125,694,,https://sra-download.ncbi.nlm.nih.gov/traces/sra77/SRR/008523/SRR8728439,SRX5521607,,MBD-Seq,MBD2 protein methyl-CpG binding domain,GENOMIC,SINGLE,0,0,ILLUMINA,Illumina Genome Analyzer IIx,SRP188421,PRJNA527061,3,527061,SRS4488846,SAMN11126133,simple,9606,Homo sapiens,GSM3670856,,,,,,,no,,,,,GEO,SRA860113,,public,BB7280D76144E0CD2B4DD91C6DA11D87,E821BE7738B9359DC8B1CA23D8F76B69
SRR8728440,2019-05-13 16:37:07,2019-03-14 16:22:10,17332718,2166589750,0,125,680,,https://sra-download.ncbi.nlm.nih.gov/traces/sra2/SRR/008523/SRR8728440,SRX5521608,,MBD-Seq,MBD2 protein methyl-CpG binding domain,GENOMIC,SINGLE,0,0,ILLUMINA,Illumina Genome Analyzer IIx,SRP188421,PRJNA527061,3,527061,SRS4488847,SAMN11126132,simple,9606,Homo sapiens,GSM3670857,,,,,,,no,,,,,GEO,SRA860113,,public,6C6B99EC6ECAA47ACAB80CC441F52CA6,ED7087F69D6C585A47022E1E6A2490EF
SRR8728441,2019-05-13 16:37:07,2019-03-14 16:22:50,17472651,2184081375,0,125,685,,https://sra-download.ncbi.nlm.nih.gov/traces/sra16/SRR/008523/SRR8728441,SRX5521608,,MBD-Seq,MBD2 protein methyl-CpG binding domain,GENOMIC,SINGLE,0,0,ILLUMINA,Illumina Genome Analyzer IIx,SRP188421,PRJNA527061,3,527061,SRS4488847,SAMN11126132,simple,9606,Homo sapiens,GSM3670857,,,,,,,no,,,,,GEO,SRA860113,,public,3028EF304CBE90522997DFBBA37D9073,E29B8757BA771E7D46C5BB77DD49A622
SRR8728442,2019-05-13 16:37:07,2019-03-14 16:22:43,17444587,2180573375,0,125,682,,https://sra-download.ncbi.nlm.nih.gov/traces/sra41/SRR/008523/SRR8728442,SRX5521608,,MBD-Seq,MBD2 protein methyl-CpG binding domain,GENOMIC,SINGLE,0,0,ILLUMINA,Illumina Genome Analyzer IIx,SRP188421,PRJNA527061,3,527061,SRS4488847,SAMN11126132,simple,9606,Homo sapiens,GSM3670857,,,,,,,no,,,,,GEO,SRA860113,,public,D70B5D733255D1AB192A5BEA3FF77354,AC77A7CD269BAD11F8FD40EAC2D0BA0D
SRR8728443,2019-05-13 16:37:07,2019-03-14 16:22:47,17480922,2185115250,0,125,684,,https://sra-download.ncbi.nlm.nih.gov/traces/sra2/SRR/008523/SRR8728443,SRX5521608,,MBD-Seq,MBD2 protein methyl-CpG binding domain,GENOMIC,SINGLE,0,0,ILLUMINA,Illumina Genome Analyzer IIx,SRP188421,PRJNA527061,3,527061,SRS4488847,SAMN11126132,simple,9606,Homo sapiens,GSM3670857,,,,,,,no,,,,,GEO,SRA860113,,public,2A78CB76CB9CA7DED7079BD92E017F24,2ED7FD547D83A7AC9BCC1FA5AB1BBAB5
SRR8728444,2019-05-13 16:37:07,2019-03-14 16:11:51,15522584,1940323000,0,125,609,,https://sra-download.ncbi.nlm.nih.gov/traces/sra42/SRR/008523/SRR8728444,SRX5521609,,MBD-Seq,MBD2 protein methyl-CpG binding domain,GENOMIC,SINGLE,0,0,ILLUMINA,Illumina Genome Analyzer IIx,SRP188421,PRJNA527061,3,527061,SRS4488848,SAMN11126131,simple,9606,Homo sapiens,GSM3670858,,,,,,,no,,,,,GEO,SRA860113,,public,F4C63EBBD32A2CD44154B6849C0DAE9D,956131F34EF209A90FE7D82DC682EA47
SRR8728445,2019-05-13 16:37:07,2019-03-14 16:12:27,15633121,1954140125,0,125,613,,https://sra-download.ncbi.nlm.nih.gov/traces/sra2/SRR/008523/SRR8728445,SRX5521609,,MBD-Seq,MBD2 protein methyl-CpG binding domain,GENOMIC,SINGLE,0,0,ILLUMINA,Illumina Genome Analyzer IIx,SRP188421,PRJNA527061,3,527061,SRS4488848,SAMN11126131,simple,9606,Homo sapiens,GSM3670858,,,,,,,no,,,,,GEO,SRA860113,,public,7387868BA7C80C423EEF796A8675B688,FAD47D35BF72F23FC1961C7A40665EA1
SRR8728446,2019-05-13 16:37:07,2019-03-14 16:12:01,15601784,1950223000,0,125,610,,https://sra-download.ncbi.nlm.nih.gov/traces/sra41/SRR/008523/SRR8728446,SRX5521609,,MBD-Seq,MBD2 protein methyl-CpG binding domain,GENOMIC,SINGLE,0,0,ILLUMINA,Illumina Genome Analyzer IIx,SRP188421,PRJNA527061,3,527061,SRS4488848,SAMN11126131,simple,9606,Homo sapiens,GSM3670858,,,,,,,no,,,,,GEO,SRA860113,,public,82C19AC77C8408FAF1ED04BD2B81BA99,6D304A541C07A98B2FDB8FD3F41C39AE
SRR8728447,2019-05-13 16:37:07,2019-03-14 16:12:26,15648722,1956090250,0,125,613,,https://sra-download.ncbi.nlm.nih.gov/traces/sra0/SRR/008523/SRR8728447,SRX5521609,,MBD-Seq,MBD2 protein methyl-CpG binding domain,GENOMIC,SINGLE,0,0,ILLUMINA,Illumina Genome Analyzer IIx,SRP188421,PRJNA527061,3,527061,SRS4488848,SAMN11126131,simple,9606,Homo sapiens,GSM3670858,,,,,,,no,,,,,GEO,SRA860113,,public,B9AC4CA8A47806F55D74A8FA45A12268,73E5F71F392B8F3FC6D3B38D7FF707E3
SRR8728448,2019-05-13 16:37:07,2019-03-14 16:13:42,19483015,2435376875,0,125,768,,https://sra-download.ncbi.nlm.nih.gov/traces/sra77/SRR/008523/SRR8728448,SRX5521610,,MBD-Seq,MBD2 protein methyl-CpG binding domain,GENOMIC,SINGLE,0,0,ILLUMINA,Illumina Genome Analyzer IIx,SRP188421,PRJNA527061,3,527061,SRS4488849,SAMN11126130,simple,9606,Homo sapiens,GSM3670859,,,,,,,no,,,,,GEO,SRA860113,,public,E25E7C7C64A5D0C1543829680E0BB5B3,81F35596BC3BA43BF4974B8B7D853F10
SRR8728449,2019-05-13 16:37:07,2019-03-14 16:13:57,19631217,2453902125,0,125,772,,https://sra-download.ncbi.nlm.nih.gov/traces/sra0/SRR/008523/SRR8728449,SRX5521610,,MBD-Seq,MBD2 protein methyl-CpG binding domain,GENOMIC,SINGLE,0,0,ILLUMINA,Illumina Genome Analyzer IIx,SRP188421,PRJNA527061,3,527061,SRS4488849,SAMN11126130,simple,9606,Homo sapiens,GSM3670859,,,,,,,no,,,,,GEO,SRA860113,,public,CF7F356FD76D99CAF348DA666DBBCC24,29FBD35FA4CB868DBEB6BFD3C03195DE
SRR8728450,2019-05-13 16:37:07,2019-03-14 16:12:57,19595054,2449381750,0,125,769,,https://sra-download.ncbi.nlm.nih.gov/traces/sra0/SRR/008523/SRR8728450,SRX5521610,,MBD-Seq,MBD2 protein methyl-CpG binding domain,GENOMIC,SINGLE,0,0,ILLUMINA,Illumina Genome Analyzer IIx,SRP188421,PRJNA527061,3,527061,SRS4488849,SAMN11126130,simple,9606,Homo sapiens,GSM3670859,,,,,,,no,,,,,GEO,SRA860113,,public,97E8DC34904E07DB7A77947FAD012574,0BBE13F4B1B65F03DB88ED4CA45543EA
SRR8728451,2019-05-13 16:37:07,2019-03-14 16:13:53,19652402,2456550250,0,125,773,,https://sra-download.ncbi.nlm.nih.gov/traces/sra73/SRR/008523/SRR8728451,SRX5521610,,MBD-Seq,MBD2 protein methyl-CpG binding domain,GENOMIC,SINGLE,0,0,ILLUMINA,Illumina Genome Analyzer IIx,SRP188421,PRJNA527061,3,527061,SRS4488849,SAMN11126130,simple,9606,Homo sapiens,GSM3670859,,,,,,,no,,,,,GEO,SRA860113,,public,911CFBAAAC4B6F3B1DB8807E5CB864F8,1EA668E362487A0E2A766CF368E22415
SRR8728452,2019-05-13 16:37:08,2019-03-14 16:15:42,19819875,2477484375,0,125,782,,https://sra-download.ncbi.nlm.nih.gov/traces/sra2/SRR/008523/SRR8728452,SRX5521611,,MBD-Seq,MBD2 protein methyl-CpG binding domain,GENOMIC,SINGLE,0,0,ILLUMINA,Illumina Genome Analyzer IIx,SRP188421,PRJNA527061,3,527061,SRS4488850,SAMN11126129,simple,9606,Homo sapiens,GSM3670860,,,,,,,no,,,,,GEO,SRA860113,,public,69A76A3917501ECE5261152C8779FD25,D02E80FDE5A55A41A5B02EE050BD231A
SRR8728453,2019-05-13 16:37:08,2019-03-14 16:13:45,19730794,2466349250,0,125,780,,https://sra-download.ncbi.nlm.nih.gov/traces/sra74/SRR/008523/SRR8728453,SRX5521611,,MBD-Seq,MBD2 protein methyl-CpG binding domain,GENOMIC,SINGLE,0,0,ILLUMINA,Illumina Genome Analyzer IIx,SRP188421,PRJNA527061,3,527061,SRS4488850,SAMN11126129,simple,9606,Homo sapiens,GSM3670860,,,,,,,no,,,,,GEO,SRA860113,,public,ADEBD834337920545349671285747963,C5EE265CEE7EA03B0E53C1D220C330DC
SRR8728454,2019-05-13 16:37:08,2019-03-14 16:13:53,19725855,2465731875,0,125,780,,https://sra-download.ncbi.nlm.nih.gov/traces/sra42/SRR/008523/SRR8728454,SRX5521611,,MBD-Seq,MBD2 protein methyl-CpG binding domain,GENOMIC,SINGLE,0,0,ILLUMINA,Illumina Genome Analyzer IIx,SRP188421,PRJNA527061,3,527061,SRS4488850,SAMN11126129,simple,9606,Homo sapiens,GSM3670860,,,,,,,no,,,,,GEO,SRA860113,,public,A302FAF0E47606C6DB2DD93868AF6373,351E62D3CF75E4779DC536A96A39DC69
SRR8728455,2019-05-13 16:37:08,2019-03-14 16:13:20,19753522,2469190250,0,125,782,,https://sra-download.ncbi.nlm.nih.gov/traces/sra42/SRR/008523/SRR8728455,SRX5521611,,MBD-Seq,MBD2 protein methyl-CpG binding domain,GENOMIC,SINGLE,0,0,ILLUMINA,Illumina Genome Analyzer IIx,SRP188421,PRJNA527061,3,527061,SRS4488850,SAMN11126129,simple,9606,Homo sapiens,GSM3670860,,,,,,,no,,,,,GEO,SRA860113,,public,2717495EE762925564B7AF8906D64DFD,BEC307D008C8856D45A6F6746EBB09EC
SRR8728456,2019-05-13 16:37:08,2019-03-14 16:14:41,21523948,2690493500,0,125,849,,https://sra-download.ncbi.nlm.nih.gov/traces/sra16/SRR/008523/SRR8728456,SRX5521612,,MBD-Seq,MBD2 protein methyl-CpG binding domain,GENOMIC,SINGLE,0,0,ILLUMINA,Illumina Genome Analyzer IIx,SRP188421,PRJNA527061,3,527061,SRS4488851,SAMN11126128,simple,9606,Homo sapiens,GSM3670861,,,,,,,no,,,,,GEO,SRA860113,,public,BF8E24D6E2255DF2D5C9E1ADAF180A8E,F0C3C117C3F1459338F747F7C225FD86
SRR8728457,2019-05-13 16:37:08,2019-03-14 16:14:32,21433457,2679182125,0,125,847,,https://sra-download.ncbi.nlm.nih.gov/traces/sra16/SRR/008523/SRR8728457,SRX5521612,,MBD-Seq,MBD2 protein methyl-CpG binding domain,GENOMIC,SINGLE,0,0,ILLUMINA,Illumina Genome Analyzer IIx,SRP188421,PRJNA527061,3,527061,SRS4488851,SAMN11126128,simple,9606,Homo sapiens,GSM3670861,,,,,,,no,,,,,GEO,SRA860113,,public,682D65F948314710A0FCF03F8BB6703E,F75EBB04AFE95902C0622D2AB2F47E49
SRR8728458,2019-05-13 16:37:08,2019-03-14 16:15:49,21436897,2679612125,0,125,848,,https://sra-download.ncbi.nlm.nih.gov/traces/sra73/SRR/008523/SRR8728458,SRX5521612,,MBD-Seq,MBD2 protein methyl-CpG binding domain,GENOMIC,SINGLE,0,0,ILLUMINA,Illumina Genome Analyzer IIx,SRP188421,PRJNA527061,3,527061,SRS4488851,SAMN11126128,simple,9606,Homo sapiens,GSM3670861,,,,,,,no,,,,,GEO,SRA860113,,public,0EEECE73CF865EA89271E068B7B1055F,BEB046132F1611D7A7595591C92086DB
SRR8728459,2019-05-13 16:37:08,2019-03-14 16:15:33,21459587,2682448375,0,125,850,,https://sra-download.ncbi.nlm.nih.gov/traces/sra41/SRR/008523/SRR8728459,SRX5521612,,MBD-Seq,MBD2 protein methyl-CpG binding domain,GENOMIC,SINGLE,0,0,ILLUMINA,Illumina Genome Analyzer IIx,SRP188421,PRJNA527061,3,527061,SRS4488851,SAMN11126128,simple,9606,Homo sapiens,GSM3670861,,,,,,,no,,,,,GEO,SRA860113,,public,6222455240A9F18941BF82993FB59089,5506FE4D9CC9CCA20B337024F4B7AA2C
SRR8728460,2019-05-13 16:37:08,2019-03-14 16:14:47,18513138,2314142250,0,125,727,,https://sra-download.ncbi.nlm.nih.gov/traces/sra74/SRR/008523/SRR8728460,SRX5521613,,MBD-Seq,MBD2 protein methyl-CpG binding domain,GENOMIC,SINGLE,0,0,ILLUMINA,Illumina Genome Analyzer IIx,SRP188421,PRJNA527061,3,527061,SRS4488852,SAMN11126127,simple,9606,Homo sapiens,GSM3670862,,,,,,,no,,,,,GEO,SRA860113,,public,BD17587F6E7080C56414BC9ECDD95E2D,3EAA742CD8025D4449654BD480656A3D
SRR8728461,2019-05-13 16:37:08,2019-03-14 16:14:59,18659676,2332459500,0,125,732,,https://sra-download.ncbi.nlm.nih.gov/traces/sra16/SRR/008523/SRR8728461,SRX5521613,,MBD-Seq,MBD2 protein methyl-CpG binding domain,GENOMIC,SINGLE,0,0,ILLUMINA,Illumina Genome Analyzer IIx,SRP188421,PRJNA527061,3,527061,SRS4488852,SAMN11126127,simple,9606,Homo sapiens,GSM3670862,,,,,,,no,,,,,GEO,SRA860113,,public,8928BA5063ACA9AA880A7DA5FF4AF1E0,BE8284992377D73B06B23CC997512BF4
SRR8728462,2019-05-13 16:37:08,2019-03-14 16:16:02,18621500,2327687500,0,125,728,,https://sra-download.ncbi.nlm.nih.gov/traces/sra74/SRR/008523/SRR8728462,SRX5521613,,MBD-Seq,MBD2 protein methyl-CpG binding domain,GENOMIC,SINGLE,0,0,ILLUMINA,Illumina Genome Analyzer IIx,SRP188421,PRJNA527061,3,527061,SRS4488852,SAMN11126127,simple,9606,Homo sapiens,GSM3670862,,,,,,,no,,,,,GEO,SRA860113,,public,DF15E88D0BF4A1FA63B763A5BA4E3B5D,555B437B875EBA5D9E1EDE1177087C5D
SRR8728463,2019-05-13 16:37:08,2019-03-14 16:14:56,18683292,2335411500,0,125,732,,https://sra-download.ncbi.nlm.nih.gov/traces/sra0/SRR/008523/SRR8728463,SRX5521613,,MBD-Seq,MBD2 protein methyl-CpG binding domain,GENOMIC,SINGLE,0,0,ILLUMINA,Illumina Genome Analyzer IIx,SRP188421,PRJNA527061,3,527061,SRS4488852,SAMN11126127,simple,9606,Homo sapiens,GSM3670862,,,,,,,no,,,,,GEO,SRA860113,,public,72A820C64B93EBBB6C10FC4EA1291A3D,F9177B17BF2A026634E24610399FC2A7
SRR8728464,2019-05-13 16:37:08,2019-03-14 16:15:18,20068108,2508513500,0,125,797,,https://sra-download.ncbi.nlm.nih.gov/traces/sra16/SRR/008523/SRR8728464,SRX5521614,,MBD-Seq,MBD2 protein methyl-CpG binding domain,GENOMIC,SINGLE,0,0,ILLUMINA,Illumina Genome Analyzer IIx,SRP188421,PRJNA527061,3,527061,SRS4488853,SAMN11126126,simple,9606,Homo sapiens,GSM3670863,,,,,,,no,,,,,GEO,SRA860113,,public,CE80C2E425F446665AC19674CDFF8525,890970039326163F555F62486C36B8B0
SRR8728465,2019-05-13 16:37:08,2019-03-14 16:14:25,19974997,2496874625,0,125,795,,https://sra-download.ncbi.nlm.nih.gov/traces/sra74/SRR/008523/SRR8728465,SRX5521614,,MBD-Seq,MBD2 protein methyl-CpG binding domain,GENOMIC,SINGLE,0,0,ILLUMINA,Illumina Genome Analyzer IIx,SRP188421,PRJNA527061,3,527061,SRS4488853,SAMN11126126,simple,9606,Homo sapiens,GSM3670863,,,,,,,no,,,,,GEO,SRA860113,,public,75463127A2233D14638D5A8C84184A6E,30705F954DB0BA8A51FA43169A45D314
SRR8728466,2019-05-13 16:37:08,2019-03-14 16:14:18,19948044,2493505500,0,125,794,,https://sra-download.ncbi.nlm.nih.gov/traces/sra74/SRR/008523/SRR8728466,SRX5521614,,MBD-Seq,MBD2 protein methyl-CpG binding domain,GENOMIC,SINGLE,0,0,ILLUMINA,Illumina Genome Analyzer IIx,SRP188421,PRJNA527061,3,527061,SRS4488853,SAMN11126126,simple,9606,Homo sapiens,GSM3670863,,,,,,,no,,,,,GEO,SRA860113,,public,84482DF7897AEE3182B7C9D975A25731,4586DE37781A7F46ECEA80BA8B24D49D
SRR8728467,2019-05-13 16:37:08,2019-03-14 16:14:41,19976938,2497117250,0,125,796,,https://sra-download.ncbi.nlm.nih.gov/traces/sra16/SRR/008523/SRR8728467,SRX5521614,,MBD-Seq,MBD2 protein methyl-CpG binding domain,GENOMIC,SINGLE,0,0,ILLUMINA,Illumina Genome Analyzer IIx,SRP188421,PRJNA527061,3,527061,SRS4488853,SAMN11126126,simple,9606,Homo sapiens,GSM3670863,,,,,,,no,,,,,GEO,SRA860113,,public,1FA9979ADFC28EE58D5169961DF348AE,479C0A6BFD6B4E85B1C3067880B15AF9
SRR8728468,2019-05-13 16:37:08,2019-03-14 16:13:50,16198249,2024781125,0,125,641,,https://sra-download.ncbi.nlm.nih.gov/traces/sra0/SRR/008523/SRR8728468,SRX5521615,,MBD-Seq,MBD2 protein methyl-CpG binding domain,GENOMIC,SINGLE,0,0,ILLUMINA,Illumina Genome Analyzer IIx,SRP188421,PRJNA527061,3,527061,SRS4488854,SAMN11126155,simple,9606,Homo sapiens,GSM3670864,,,,,,,no,,,,,GEO,SRA860113,,public,13D8E1295298B3079F419B9E45850E9C,798C93016AFBB643C4A4110F81ECD681
SRR8728469,2019-05-13 16:37:08,2019-03-14 16:13:09,16339287,2042410875,0,125,646,,https://sra-download.ncbi.nlm.nih.gov/traces/sra73/SRR/008523/SRR8728469,SRX5521615,,MBD-Seq,MBD2 protein methyl-CpG binding domain,GENOMIC,SINGLE,0,0,ILLUMINA,Illumina Genome Analyzer IIx,SRP188421,PRJNA527061,3,527061,SRS4488854,SAMN11126155,simple,9606,Homo sapiens,GSM3670864,,,,,,,no,,,,,GEO,SRA860113,,public,CF50C048759595F258281EA3807C369A,917D50D36C24F9694BD6E17BAA02E8ED
SRR8728470,2019-05-13 16:37:08,2019-03-14 16:13:54,16332219,2041527375,0,125,644,,https://sra-download.ncbi.nlm.nih.gov/traces/sra77/SRR/008523/SRR8728470,SRX5521615,,MBD-Seq,MBD2 protein methyl-CpG binding domain,GENOMIC,SINGLE,0,0,ILLUMINA,Illumina Genome Analyzer IIx,SRP188421,PRJNA527061,3,527061,SRS4488854,SAMN11126155,simple,9606,Homo sapiens,GSM3670864,,,,,,,no,,,,,GEO,SRA860113,,public,BA859E164083EFEE50176D69D2F24117,E1C321AB9AE7B57B22AF46943E632213
SRR8728471,2019-05-13 16:37:08,2019-03-14 16:13:07,16362700,2045337500,0,125,646,,https://sra-download.ncbi.nlm.nih.gov/traces/sra0/SRR/008523/SRR8728471,SRX5521615,,MBD-Seq,MBD2 protein methyl-CpG binding domain,GENOMIC,SINGLE,0,0,ILLUMINA,Illumina Genome Analyzer IIx,SRP188421,PRJNA527061,3,527061,SRS4488854,SAMN11126155,simple,9606,Homo sapiens,GSM3670864,,,,,,,no,,,,,GEO,SRA860113,,public,57224D928BC3EDD2B5E872AFA1DB3D22,3B033BD586B4E238C47BFD16FA4FFB3A
SRR8728472,2019-05-13 16:37:08,2019-03-14 16:14:48,17978762,2247345250,0,125,712,,https://sra-download.ncbi.nlm.nih.gov/traces/sra41/SRR/008523/SRR8728472,SRX5521616,,MBD-Seq,MBD2 protein methyl-CpG binding domain,GENOMIC,SINGLE,0,0,ILLUMINA,Illumina Genome Analyzer IIx,SRP188421,PRJNA527061,3,527061,SRS4488855,SAMN11126154,simple,9606,Homo sapiens,GSM3670865,,,,,,,no,,,,,GEO,SRA860113,,public,A924E1100DFCF1098DF5CAB22C310945,1D0B38377FB948326AD7F3C6EC48E14A
SRR8728473,2019-05-13 16:37:08,2019-03-14 16:14:30,17871562,2233945250,0,125,709,,https://sra-download.ncbi.nlm.nih.gov/traces/sra73/SRR/008523/SRR8728473,SRX5521616,,MBD-Seq,MBD2 protein methyl-CpG binding domain,GENOMIC,SINGLE,0,0,ILLUMINA,Illumina Genome Analyzer IIx,SRP188421,PRJNA527061,3,527061,SRS4488855,SAMN11126154,simple,9606,Homo sapiens,GSM3670865,,,,,,,no,,,,,GEO,SRA860113,,public,051B48ED0C9CF35BE908D3D37C6C085A,E46CA47AD038F50846B36894D849DD55
SRR8728474,2019-05-13 16:37:08,2019-03-14 16:14:04,17882016,2235252000,0,125,710,,https://sra-download.ncbi.nlm.nih.gov/traces/sra41/SRR/008523/SRR8728474,SRX5521616,,MBD-Seq,MBD2 protein methyl-CpG binding domain,GENOMIC,SINGLE,0,0,ILLUMINA,Illumina Genome Analyzer IIx,SRP188421,PRJNA527061,3,527061,SRS4488855,SAMN11126154,simple,9606,Homo sapiens,GSM3670865,,,,,,,no,,,,,GEO,SRA860113,,public,E404036439257E8424989E94E15612C8,4EDB8ECC513148B97012FD7C07D6BC82
SRR8728475,2019-05-13 16:37:08,2019-03-14 16:13:54,17915623,2239452875,0,125,712,,https://sra-download.ncbi.nlm.nih.gov/traces/sra74/SRR/008523/SRR8728475,SRX5521616,,MBD-Seq,MBD2 protein methyl-CpG binding domain,GENOMIC,SINGLE,0,0,ILLUMINA,Illumina Genome Analyzer IIx,SRP188421,PRJNA527061,3,527061,SRS4488855,SAMN11126154,simple,9606,Homo sapiens,GSM3670865,,,,,,,no,,,,,GEO,SRA860113,,public,67CA44684D815A3AB3676D0178081E60,E5F00D230037AB4FE2481D797FB3811A
SRR8728476,2019-05-13 16:37:08,2019-03-14 16:16:03,21442643,2680330375,0,125,846,,https://sra-download.ncbi.nlm.nih.gov/traces/sra0/SRR/008523/SRR8728476,SRX5521617,,MBD-Seq,MBD2 protein methyl-CpG binding domain,GENOMIC,SINGLE,0,0,ILLUMINA,Illumina Genome Analyzer IIx,SRP188421,PRJNA527061,3,527061,SRS4488856,SAMN11126153,simple,9606,Homo sapiens,GSM3670866,,,,,,,no,,,,,GEO,SRA860113,,public,D74AD9DEA0585ED671405966DADD9F6F,419BC8DFFA2B0740E9AD1FE1628EB53A
SRR8728477,2019-05-13 16:37:08,2019-03-14 16:17:07,21609030,2701128750,0,125,851,,https://sra-download.ncbi.nlm.nih.gov/traces/sra0/SRR/008523/SRR8728477,SRX5521617,,MBD-Seq,MBD2 protein methyl-CpG binding domain,GENOMIC,SINGLE,0,0,ILLUMINA,Illumina Genome Analyzer IIx,SRP188421,PRJNA527061,3,527061,SRS4488856,SAMN11126153,simple,9606,Homo sapiens,GSM3670866,,,,,,,no,,,,,GEO,SRA860113,,public,F63B8E36B7EE6AC1AD8A4725B6AF0678,03C1FFA8D06B682535365C70EDECD38B
SRR8728478,2019-05-13 16:37:08,2019-03-14 16:17:18,21582860,2697857500,0,125,848,,https://sra-download.ncbi.nlm.nih.gov/traces/sra16/SRR/008523/SRR8728478,SRX5521617,,MBD-Seq,MBD2 protein methyl-CpG binding domain,GENOMIC,SINGLE,0,0,ILLUMINA,Illumina Genome Analyzer IIx,SRP188421,PRJNA527061,3,527061,SRS4488856,SAMN11126153,simple,9606,Homo sapiens,GSM3670866,,,,,,,no,,,,,GEO,SRA860113,,public,AF8D9AC5B203E1F7081512DFE7D37CFB,4B1AB830324416C361C769BCFD52E71F
SRR8728479,2019-05-13 16:37:08,2019-03-14 16:16:26,21646899,2705862375,0,125,852,,https://sra-download.ncbi.nlm.nih.gov/traces/sra74/SRR/008523/SRR8728479,SRX5521617,,MBD-Seq,MBD2 protein methyl-CpG binding domain,GENOMIC,SINGLE,0,0,ILLUMINA,Illumina Genome Analyzer IIx,SRP188421,PRJNA527061,3,527061,SRS4488856,SAMN11126153,simple,9606,Homo sapiens,GSM3670866,,,,,,,no,,,,,GEO,SRA860113,,public,E67F1EE77E1D40F9A0620BDBFDE7A5B5,B72308E753290A6A2D60369830A19E27
SRR8728480,2019-05-13 16:37:08,2019-03-14 16:15:59,18592545,2324068125,0,125,727,,https://sra-download.ncbi.nlm.nih.gov/traces/sra41/SRR/008523/SRR8728480,SRX5521618,,MBD-Seq,MBD2 protein methyl-CpG binding domain,GENOMIC,SINGLE,0,0,ILLUMINA,Illumina Genome Analyzer IIx,SRP188421,PRJNA527061,3,527061,SRS4488857,SAMN11126145,simple,9606,Homo sapiens,GSM3670867,,,,,,,no,,,,,GEO,SRA860113,,public,04FE62141E4C4491B4ABBC055BF2D9BB,8BA2F027E335AB424FC8F1FF12CADF4C
SRR8728481,2019-05-13 16:37:08,2019-03-14 16:17:33,18747908,2343488500,0,125,732,,https://sra-download.ncbi.nlm.nih.gov/traces/sra41/SRR/008523/SRR8728481,SRX5521618,,MBD-Seq,MBD2 protein methyl-CpG binding domain,GENOMIC,SINGLE,0,0,ILLUMINA,Illumina Genome Analyzer IIx,SRP188421,PRJNA527061,3,527061,SRS4488857,SAMN11126145,simple,9606,Homo sapiens,GSM3670867,,,,,,,no,,,,,GEO,SRA860113,,public,8E2C766CFC9ADB19CF5EAE2AF2E8F2BC,580C5DC9E835F289E4632F3D90CF252D
SRR8728482,2019-05-13 16:37:08,2019-03-14 16:17:53,18729245,2341155625,0,125,729,,https://sra-download.ncbi.nlm.nih.gov/traces/sra0/SRR/008523/SRR8728482,SRX5521618,,MBD-Seq,MBD2 protein methyl-CpG binding domain,GENOMIC,SINGLE,0,0,ILLUMINA,Illumina Genome Analyzer IIx,SRP188421,PRJNA527061,3,527061,SRS4488857,SAMN11126145,simple,9606,Homo sapiens,GSM3670867,,,,,,,no,,,,,GEO,SRA860113,,public,04C1E60B04C63D7D516258D3D5C7E59E,24116F8AD23824DB3C5E6F928D430AC6
SRR8728483,2019-05-13 16:37:08,2019-03-14 16:17:51,18769828,2346228500,0,125,732,,https://sra-download.ncbi.nlm.nih.gov/traces/sra0/SRR/008523/SRR8728483,SRX5521618,,MBD-Seq,MBD2 protein methyl-CpG binding domain,GENOMIC,SINGLE,0,0,ILLUMINA,Illumina Genome Analyzer IIx,SRP188421,PRJNA527061,3,527061,SRS4488857,SAMN11126145,simple,9606,Homo sapiens,GSM3670867,,,,,,,no,,,,,GEO,SRA860113,,public,5F750C7C7D976FF1955B434185942735,3E45EC5DA76FDABC2EE94035FC7D15CB
SRR8728484,2019-05-13 16:37:08,2019-03-14 16:16:36,15977725,1997215625,0,125,631,,https://sra-download.ncbi.nlm.nih.gov/traces/sra2/SRR/008523/SRR8728484,SRX5521619,,MBD-Seq,MBD2 protein methyl-CpG binding domain,GENOMIC,SINGLE,0,0,ILLUMINA,Illumina Genome Analyzer IIx,SRP188421,PRJNA527061,3,527061,SRS4488858,SAMN11126144,simple,9606,Homo sapiens,GSM3670868,,,,,,,no,,,,,GEO,SRA860113,,public,32A315EF8716C694D6E1128CDFEE0B22,62B8231AA7ED376425C4F4D764BFE738
SRR8728485,2019-05-13 16:37:08,2019-03-14 16:16:45,16102308,2012788500,0,125,636,,https://sra-download.ncbi.nlm.nih.gov/traces/sra41/SRR/008523/SRR8728485,SRX5521619,,MBD-Seq,MBD2 protein methyl-CpG binding domain,GENOMIC,SINGLE,0,0,ILLUMINA,Illumina Genome Analyzer IIx,SRP188421,PRJNA527061,3,527061,SRS4488858,SAMN11126144,simple,9606,Homo sapiens,GSM3670868,,,,,,,no,,,,,GEO,SRA860113,,public,804D3B7290C0EA63E13E7DC07055F070,15906A507277DD33EC1916C27FE46046
SRR8728486,2019-05-13 16:37:08,2019-03-14 16:16:12,16086956,2010869500,0,125,633,,https://sra-download.ncbi.nlm.nih.gov/traces/sra42/SRR/008523/SRR8728486,SRX5521619,,MBD-Seq,MBD2 protein methyl-CpG binding domain,GENOMIC,SINGLE,0,0,ILLUMINA,Illumina Genome Analyzer IIx,SRP188421,PRJNA527061,3,527061,SRS4488858,SAMN11126144,simple,9606,Homo sapiens,GSM3670868,,,,,,,no,,,,,GEO,SRA860113,,public,A22950302B041DDA4F0B5F313123033D,0A48E10F04286B88756007A956D681CE
SRR8728487,2019-05-13 16:37:08,2019-03-14 16:16:17,16146019,2018252375,0,125,637,,https://sra-download.ncbi.nlm.nih.gov/traces/sra0/SRR/008523/SRR8728487,SRX5521619,,MBD-Seq,MBD2 protein methyl-CpG binding domain,GENOMIC,SINGLE,0,0,ILLUMINA,Illumina Genome Analyzer IIx,SRP188421,PRJNA527061,3,527061,SRS4488858,SAMN11126144,simple,9606,Homo sapiens,GSM3670868,,,,,,,no,,,,,GEO,SRA860113,,public,2ADFA3126A6C4D444095B434C292A4DE,9FF87C85618EF1884007BED9DD768146
SRR8728488,2019-05-13 16:37:08,2019-03-14 16:18:07,20541522,2567690250,0,125,816,,https://sra-download.ncbi.nlm.nih.gov/traces/sra74/SRR/008523/SRR8728488,SRX5521620,,MBD-Seq,MBD2 protein methyl-CpG binding domain,GENOMIC,SINGLE,0,0,ILLUMINA,Illumina Genome Analyzer IIx,SRP188421,PRJNA527061,3,527061,SRS4488859,SAMN11126143,simple,9606,Homo sapiens,GSM3670869,,,,,,,no,,,,,GEO,SRA860113,,public,ABAE99232DC0E0A46877A50260080616,8AD337B7B7453A7366DB6A877AF066A7
SRR8728489,2019-05-13 16:37:08,2019-03-14 16:17:43,20440528,2555066000,0,125,813,,https://sra-download.ncbi.nlm.nih.gov/traces/sra16/SRR/008523/SRR8728489,SRX5521620,,MBD-Seq,MBD2 protein methyl-CpG binding domain,GENOMIC,SINGLE,0,0,ILLUMINA,Illumina Genome Analyzer IIx,SRP188421,PRJNA527061,3,527061,SRS4488859,SAMN11126143,simple,9606,Homo sapiens,GSM3670869,,,,,,,no,,,,,GEO,SRA860113,,public,3DC80CF3920621284ACAE22E354559B6,529909E09E474DBED88D0BB82B307219
SRR8728490,2019-05-13 16:37:08,2019-03-14 16:18:06,20436758,2554594750,0,125,813,,https://sra-download.ncbi.nlm.nih.gov/traces/sra16/SRR/008523/SRR8728490,SRX5521620,,MBD-Seq,MBD2 protein methyl-CpG binding domain,GENOMIC,SINGLE,0,0,ILLUMINA,Illumina Genome Analyzer IIx,SRP188421,PRJNA527061,3,527061,SRS4488859,SAMN11126143,simple,9606,Homo sapiens,GSM3670869,,,,,,,no,,,,,GEO,SRA860113,,public,A333721EE4EA45118F13E39D580AC248,055280E4E54EA546673EEF70A77CDB20
SRR8728491,2019-05-13 16:37:08,2019-03-14 16:17:16,20478622,2559827750,0,125,816,,https://sra-download.ncbi.nlm.nih.gov/traces/sra16/SRR/008523/SRR8728491,SRX5521620,,MBD-Seq,MBD2 protein methyl-CpG binding domain,GENOMIC,SINGLE,0,0,ILLUMINA,Illumina Genome Analyzer IIx,SRP188421,PRJNA527061,3,527061,SRS4488859,SAMN11126143,simple,9606,Homo sapiens,GSM3670869,,,,,,,no,,,,,GEO,SRA860113,,public,15E16636002DAD807CDB9A7A5F238325,0E693C9BF372C8F45927FDC7DEB644B0
SRR8728492,2019-05-13 16:37:08,2019-03-14 16:16:27,15513881,1939235125,0,125,607,,https://sra-download.ncbi.nlm.nih.gov/traces/sra16/SRR/008523/SRR8728492,SRX5521621,,MBD-Seq,MBD2 protein methyl-CpG binding domain,GENOMIC,SINGLE,0,0,ILLUMINA,Illumina Genome Analyzer IIx,SRP188421,PRJNA527061,3,527061,SRS4488860,SAMN11126142,simple,9606,Homo sapiens,GSM3670870,,,,,,,no,,,,,GEO,SRA860113,,public,5BB17D78207A0BC7081B9165C1F38B8A,E224AF93F5141B7D2290ADD69EDE112D
SRR8728493,2019-05-13 16:37:08,2019-03-14 16:16:02,15629556,1953694500,0,125,611,,https://sra-download.ncbi.nlm.nih.gov/traces/sra0/SRR/008523/SRR8728493,SRX5521621,,MBD-Seq,MBD2 protein methyl-CpG binding domain,GENOMIC,SINGLE,0,0,ILLUMINA,Illumina Genome Analyzer IIx,SRP188421,PRJNA527061,3,527061,SRS4488860,SAMN11126142,simple,9606,Homo sapiens,GSM3670870,,,,,,,no,,,,,GEO,SRA860113,,public,139992A624CB10B84D897F67CB4696EE,C14FEF99E88DBB34AF864812282B98C3
SRR8728494,2019-05-13 16:37:08,2019-03-14 16:16:40,15601153,1950144125,0,125,608,,https://sra-download.ncbi.nlm.nih.gov/traces/sra0/SRR/008523/SRR8728494,SRX5521621,,MBD-Seq,MBD2 protein methyl-CpG binding domain,GENOMIC,SINGLE,0,0,ILLUMINA,Illumina Genome Analyzer IIx,SRP188421,PRJNA527061,3,527061,SRS4488860,SAMN11126142,simple,9606,Homo sapiens,GSM3670870,,,,,,,no,,,,,GEO,SRA860113,,public,B0318560297C609273630E01A991FF09,3164D9456AEE63B4797776A648198609
SRR8728495,2019-05-13 16:37:08,2019-03-14 16:16:27,15643628,1955453500,0,125,611,,https://sra-download.ncbi.nlm.nih.gov/traces/sra74/SRR/008523/SRR8728495,SRX5521621,,MBD-Seq,MBD2 protein methyl-CpG binding domain,GENOMIC,SINGLE,0,0,ILLUMINA,Illumina Genome Analyzer IIx,SRP188421,PRJNA527061,3,527061,SRS4488860,SAMN11126142,simple,9606,Homo sapiens,GSM3670870,,,,,,,no,,,,,GEO,SRA860113,,public,2B854CD5C30096BFDC38023D1A9885DD,9F0F521F6D33E0A8340A80748D0B046D
SRR8728496,2019-05-13 16:37:08,2019-03-14 16:16:06,15352797,1919099625,0,125,604,,https://sra-download.ncbi.nlm.nih.gov/traces/sra2/SRR/008523/SRR8728496,SRX5521622,,MBD-Seq,MBD2 protein methyl-CpG binding domain,GENOMIC,SINGLE,0,0,ILLUMINA,Illumina Genome Analyzer IIx,SRP188421,PRJNA527061,3,527061,SRS4488861,SAMN11126141,simple,9606,Homo sapiens,GSM3670871,,,,,,,no,,,,,GEO,SRA860113,,public,EC28DB36CAF7FF75B538D7F39C1DEC9F,01E38E5D684DDAA1A7FB7905953D265D
SRR8728497,2019-05-13 16:37:08,2019-03-14 16:16:41,15462695,1932836875,0,125,607,,https://sra-download.ncbi.nlm.nih.gov/traces/sra41/SRR/008523/SRR8728497,SRX5521622,,MBD-Seq,MBD2 protein methyl-CpG binding domain,GENOMIC,SINGLE,0,0,ILLUMINA,Illumina Genome Analyzer IIx,SRP188421,PRJNA527061,3,527061,SRS4488861,SAMN11126141,simple,9606,Homo sapiens,GSM3670871,,,,,,,no,,,,,GEO,SRA860113,,public,1F65FCD757520B8B8CE0C2FF973C5658,3319AED131E97841CEB16DCCA728B378
SRR8728498,2019-05-13 16:37:08,2019-03-14 16:15:49,15442650,1930331250,0,125,605,,https://sra-download.ncbi.nlm.nih.gov/traces/sra42/SRR/008523/SRR8728498,SRX5521622,,MBD-Seq,MBD2 protein methyl-CpG binding domain,GENOMIC,SINGLE,0,0,ILLUMINA,Illumina Genome Analyzer IIx,SRP188421,PRJNA527061,3,527061,SRS4488861,SAMN11126141,simple,9606,Homo sapiens,GSM3670871,,,,,,,no,,,,,GEO,SRA860113,,public,7D7100653087F29919DB5710C69CEF88,80172EC604A83C47C538A7DBE026C66C
SRR8728499,2019-05-13 16:37:08,2019-03-14 16:15:54,15490860,1936357500,0,125,608,,https://sra-download.ncbi.nlm.nih.gov/traces/sra41/SRR/008523/SRR8728499,SRX5521622,,MBD-Seq,MBD2 protein methyl-CpG binding domain,GENOMIC,SINGLE,0,0,ILLUMINA,Illumina Genome Analyzer IIx,SRP188421,PRJNA527061,3,527061,SRS4488861,SAMN11126141,simple,9606,Homo sapiens,GSM3670871,,,,,,,no,,,,,GEO,SRA860113,,public,4221A02CC9696F1590800EB005CA30B1,C8F6FA9523DFC76D68EF8300C6B56EAB
SRR8728500,2019-05-13 16:37:08,2019-03-14 16:19:29,16030010,2003751250,0,125,631,,https://sra-download.ncbi.nlm.nih.gov/traces/sra42/SRR/008523/SRR8728500,SRX5521623,,MBD-Seq,MBD2 protein methyl-CpG binding domain,GENOMIC,SINGLE,0,0,ILLUMINA,Illumina Genome Analyzer IIx,SRP188421,PRJNA527061,3,527061,SRS4488862,SAMN11126148,simple,9606,Homo sapiens,GSM3670872,,,,,,,no,,,,,GEO,SRA860113,,public,CA275685D9174CFF41B683362AB4058F,A941AAF27771DA867F8AB0C1E35715EE
SRR8728501,2019-05-13 16:37:08,2019-03-14 16:17:38,15957511,1994688875,0,125,630,,https://sra-download.ncbi.nlm.nih.gov/traces/sra2/SRR/008523/SRR8728501,SRX5521623,,MBD-Seq,MBD2 protein methyl-CpG binding domain,GENOMIC,SINGLE,0,0,ILLUMINA,Illumina Genome Analyzer IIx,SRP188421,PRJNA527061,3,527061,SRS4488862,SAMN11126148,simple,9606,Homo sapiens,GSM3670872,,,,,,,no,,,,,GEO,SRA860113,,public,A31C51E105FAD05A605C144494353816,E2FC50DAC575B7711BD3FD40418358C2
SRR8728502,2019-05-13 16:37:08,2019-03-14 16:18:00,15962619,1995327375,0,125,630,,https://sra-download.ncbi.nlm.nih.gov/traces/sra0/SRR/008523/SRR8728502,SRX5521623,,MBD-Seq,MBD2 protein methyl-CpG binding domain,GENOMIC,SINGLE,0,0,ILLUMINA,Illumina Genome Analyzer IIx,SRP188421,PRJNA527061,3,527061,SRS4488862,SAMN11126148,simple,9606,Homo sapiens,GSM3670872,,,,,,,no,,,,,GEO,SRA860113,,public,82969A56E5FBB43F22C1A62348EB773B,088BC91C9BFEA8CD09DC50A31697B177
SRR8728503,2019-05-13 16:37:08,2019-03-14 16:17:53,15986377,1998297125,0,125,632,,https://sra-download.ncbi.nlm.nih.gov/traces/sra73/SRR/008523/SRR8728503,SRX5521623,,MBD-Seq,MBD2 protein methyl-CpG binding domain,GENOMIC,SINGLE,0,0,ILLUMINA,Illumina Genome Analyzer IIx,SRP188421,PRJNA527061,3,527061,SRS4488862,SAMN11126148,simple,9606,Homo sapiens,GSM3670872,,,,,,,no,,,,,GEO,SRA860113,,public,259D6EEE09C0B0B83083AC634931173F,ED3C9C7C351AE2827B7CA7BD5DA9C7CB
SRR8728504,2019-05-13 16:37:08,2019-03-14 16:18:28,16634172,2079271500,0,125,654,,https://sra-download.ncbi.nlm.nih.gov/traces/sra42/SRR/008523/SRR8728504,SRX5521624,,MBD-Seq,MBD2 protein methyl-CpG binding domain,GENOMIC,SINGLE,0,0,ILLUMINA,Illumina Genome Analyzer IIx,SRP188421,PRJNA527061,3,527061,SRS4488863,SAMN11126147,simple,9606,Homo sapiens,GSM3670873,,,,,,,no,,,,,GEO,SRA860113,,public,4D0565FD58A10FEE5FAECAA9A30179B8,6A62ACEDBA4951D772533BE8370B6912
SRR8728505,2019-05-13 16:37:08,2019-03-14 16:18:22,16771415,2096426875,0,125,658,,https://sra-download.ncbi.nlm.nih.gov/traces/sra77/SRR/008523/SRR8728505,SRX5521624,,MBD-Seq,MBD2 protein methyl-CpG binding domain,GENOMIC,SINGLE,0,0,ILLUMINA,Illumina Genome Analyzer IIx,SRP188421,PRJNA527061,3,527061,SRS4488863,SAMN11126147,simple,9606,Homo sapiens,GSM3670873,,,,,,,no,,,,,GEO,SRA860113,,public,D66626FA6F1463659ACBA40B39E85FCC,5B2A11ED5AAE9C57D2B4CD8391EC5EA3
SRR8728506,2019-05-13 16:37:08,2019-03-14 16:17:48,16757037,2094629625,0,125,656,,https://sra-download.ncbi.nlm.nih.gov/traces/sra42/SRR/008523/SRR8728506,SRX5521624,,MBD-Seq,MBD2 protein methyl-CpG binding domain,GENOMIC,SINGLE,0,0,ILLUMINA,Illumina Genome Analyzer IIx,SRP188421,PRJNA527061,3,527061,SRS4488863,SAMN11126147,simple,9606,Homo sapiens,GSM3670873,,,,,,,no,,,,,GEO,SRA860113,,public,ADA97427B0DD8705E83DA777CA55A4DF,E5F244770CAB56C4A06FE57E1AF11215
SRR8728507,2019-05-13 16:37:08,2019-03-14 16:19:12,16723109,2090388625,0,125,656,,https://sra-download.ncbi.nlm.nih.gov/traces/sra0/SRR/008523/SRR8728507,SRX5521624,,MBD-Seq,MBD2 protein methyl-CpG binding domain,GENOMIC,SINGLE,0,0,ILLUMINA,Illumina Genome Analyzer IIx,SRP188421,PRJNA527061,3,527061,SRS4488863,SAMN11126147,simple,9606,Homo sapiens,GSM3670873,,,,,,,no,,,,,GEO,SRA860113,,public,1AC13FFB407745527EF1BC22CE013789,3CE73CA24A81C0DAE443ACE5BB9BBFD4
SRR8728508,2019-05-13 16:37:09,2019-03-14 16:19:49,19388133,2423516625,0,125,760,,https://sra-download.ncbi.nlm.nih.gov/traces/sra0/SRR/008523/SRR8728508,SRX5521625,,MBD-Seq,MBD2 protein methyl-CpG binding domain,GENOMIC,SINGLE,0,0,ILLUMINA,Illumina Genome Analyzer IIx,SRP188421,PRJNA527061,3,527061,SRS4488864,SAMN11126146,simple,9606,Homo sapiens,GSM3670874,,,,,,,no,,,,,GEO,SRA860113,,public,D2895E29CC949A9AEAAB881D396565F2,A54E283B0803E6E496435E9626DDB745
SRR8728509,2019-05-13 16:37:09,2019-03-14 16:20:58,19362273,2420284125,0,125,760,,https://sra-download.ncbi.nlm.nih.gov/traces/sra2/SRR/008523/SRR8728509,SRX5521625,,MBD-Seq,MBD2 protein methyl-CpG binding domain,GENOMIC,SINGLE,0,0,ILLUMINA,Illumina Genome Analyzer IIx,SRP188421,PRJNA527061,3,527061,SRS4488864,SAMN11126146,simple,9606,Homo sapiens,GSM3670874,,,,,,,no,,,,,GEO,SRA860113,,public,DC01C221C41CCA17F7856F10CECFCE2B,0F80F39ADE89E2E7397A24A7AC75E5CC
SRR8728510,2019-05-13 16:37:09,2019-03-14 16:19:01,19346842,2418355250,0,125,760,,https://sra-download.ncbi.nlm.nih.gov/traces/sra77/SRR/008523/SRR8728510,SRX5521625,,MBD-Seq,MBD2 protein methyl-CpG binding domain,GENOMIC,SINGLE,0,0,ILLUMINA,Illumina Genome Analyzer IIx,SRP188421,PRJNA527061,3,527061,SRS4488864,SAMN11126146,simple,9606,Homo sapiens,GSM3670874,,,,,,,no,,,,,GEO,SRA860113,,public,E44019E764522588DCA22BF59374F6DD,0052641ACCC41B4F147514E044FBA446
SRR8728511,2019-05-13 16:37:09,2019-03-14 16:19:11,19385852,2423231500,0,125,762,,https://sra-download.ncbi.nlm.nih.gov/traces/sra74/SRR/008523/SRR8728511,SRX5521625,,MBD-Seq,MBD2 protein methyl-CpG binding domain,GENOMIC,SINGLE,0,0,ILLUMINA,Illumina Genome Analyzer IIx,SRP188421,PRJNA527061,3,527061,SRS4488864,SAMN11126146,simple,9606,Homo sapiens,GSM3670874,,,,,,,no,,,,,GEO,SRA860113,,public,2A9942ED4AD36D1A80FCDDE848B23610,471BDBBD50435310C73BF65D20942519
SRR8728512,2019-05-13 16:37:09,2019-03-14 16:20:12,23500799,2937599875,0,125,920,,https://sra-download.ncbi.nlm.nih.gov/traces/sra42/SRR/008523/SRR8728512,SRX5521626,,MBD-Seq,MBD2 protein methyl-CpG binding domain,GENOMIC,SINGLE,0,0,ILLUMINA,Illumina Genome Analyzer IIx,SRP188421,PRJNA527061,3,527061,SRS4488865,SAMN11126140,simple,9606,Homo sapiens,GSM3670875,,,,,,,no,,,,,GEO,SRA860113,,public,0E5F346D1FD98C09463D8236784515A5,B2C2685AACB6ABA3402852831E9DE8CC
SRR8728513,2019-05-13 16:37:09,2019-03-14 16:21:33,23677520,2959690000,0,125,925,,https://sra-download.ncbi.nlm.nih.gov/traces/sra0/SRR/008523/SRR8728513,SRX5521626,,MBD-Seq,MBD2 protein methyl-CpG binding domain,GENOMIC,SINGLE,0,0,ILLUMINA,Illumina Genome Analyzer IIx,SRP188421,PRJNA527061,3,527061,SRS4488865,SAMN11126140,simple,9606,Homo sapiens,GSM3670875,,,,,,,no,,,,,GEO,SRA860113,,public,6DF71BE8437ADB9A9A1DFC1E4353107E,64E29C83DD266C834B3680A88E926C02
SRR8728514,2019-05-13 16:37:09,2019-03-14 16:20:26,23615588,2951948500,0,125,921,,https://sra-download.ncbi.nlm.nih.gov/traces/sra0/SRR/008523/SRR8728514,SRX5521626,,MBD-Seq,MBD2 protein methyl-CpG binding domain,GENOMIC,SINGLE,0,0,ILLUMINA,Illumina Genome Analyzer IIx,SRP188421,PRJNA527061,3,527061,SRS4488865,SAMN11126140,simple,9606,Homo sapiens,GSM3670875,,,,,,,no,,,,,GEO,SRA860113,,public,85C3BA0264E941E54D6FCA53975F384C,7283656E9C7282EEB119642188E38E00
SRR8728515,2019-05-13 16:37:09,2019-03-14 16:20:17,23699797,2962474625,0,125,926,,https://sra-download.ncbi.nlm.nih.gov/traces/sra16/SRR/008523/SRR8728515,SRX5521626,,MBD-Seq,MBD2 protein methyl-CpG binding domain,GENOMIC,SINGLE,0,0,ILLUMINA,Illumina Genome Analyzer IIx,SRP188421,PRJNA527061,3,527061,SRS4488865,SAMN11126140,simple,9606,Homo sapiens,GSM3670875,,,,,,,no,,,,,GEO,SRA860113,,public,5808E941BE8EE975A827383877A1336B,E58C25F703BCE53DE50D5730F25B9925
SRR8728516,2019-05-13 16:37:09,2019-03-14 16:14:00,18515432,2314429000,0,125,723,,https://sra-download.ncbi.nlm.nih.gov/traces/sra42/SRR/008523/SRR8728516,SRX5521627,,MBD-Seq,MBD2 protein methyl-CpG binding domain,GENOMIC,SINGLE,0,0,ILLUMINA,Illumina Genome Analyzer IIx,SRP188421,PRJNA527061,3,527061,SRS4488866,SAMN11126125,simple,9606,Homo sapiens,GSM3670876,,,,,,,no,,,,,GEO,SRA860113,,public,E4AD6CA58DB5406EF39D42F265FFE53C,0C8278C3EFB076DE5D458EFD4065CB9A
SRR8728517,2019-05-13 16:37:09,2019-03-14 16:13:18,14963202,1870400250,0,125,585,,https://sra-download.ncbi.nlm.nih.gov/traces/sra16/SRR/008523/SRR8728517,SRX5521628,,MBD-Seq,MBD2 protein methyl-CpG binding domain,GENOMIC,SINGLE,0,0,ILLUMINA,Illumina Genome Analyzer IIx,SRP188421,PRJNA527061,3,527061,SRS4488867,SAMN11126124,simple,9606,Homo sapiens,GSM3670877,,,,,,,no,,,,,GEO,SRA860113,,public,B739CCF8105D9756D04111AE33C989D3,7F93468175D6A01450DD623937135CCE
SRR8728518,2019-05-13 16:37:09,2019-03-14 16:19:58,19393804,2424225500,0,125,758,,https://sra-download.ncbi.nlm.nih.gov/traces/sra0/SRR/008523/SRR8728518,SRX5521629,,MBD-Seq,MBD2 protein methyl-CpG binding domain,GENOMIC,SINGLE,0,0,ILLUMINA,Illumina Genome Analyzer IIx,SRP188421,PRJNA527061,3,527061,SRS4488868,SAMN11126123,simple,9606,Homo sapiens,GSM3670878,,,,,,,no,,,,,GEO,SRA860113,,public,10BE674692D6D7CB6FA2A082DBEBAB06,940A72ADA301FB1A6BA6B246B2762F60
SRR8728519,2019-05-13 16:37:09,2019-03-14 16:20:13,19917740,2489717500,0,125,802,,https://sra-download.ncbi.nlm.nih.gov/traces/sra73/SRR/008523/SRR8728519,SRX5521630,,MBD-Seq,MBD2 protein methyl-CpG binding domain,GENOMIC,SINGLE,0,0,ILLUMINA,Illumina Genome Analyzer IIx,SRP188421,PRJNA527061,3,527061,SRS4488869,SAMN11126122,simple,9606,Homo sapiens,GSM3670879,,,,,,,no,,,,,GEO,SRA860113,,public,20CD3E70E30C60FA252B22EDC4382C58,7E446507A64FEB41374943A8FF6C69A0
SRR8728520,2019-05-13 16:37:09,2019-03-14 16:15:49,7201246,900155750,0,125,287,,https://sra-download.ncbi.nlm.nih.gov/traces/sra74/SRR/008523/SRR8728520,SRX5521631,,MBD-Seq,MBD2 protein methyl-CpG binding domain,GENOMIC,SINGLE,0,0,ILLUMINA,Illumina Genome Analyzer IIx,SRP188421,PRJNA527061,3,527061,SRS4488870,SAMN11126121,simple,9606,Homo sapiens,GSM3670880,,,,,,,no,,,,,GEO,SRA860113,,public,7567332CAE5B272B0A0A27D807D68432,E37D029D9D0FB1AC7E37A13D56D7BA9E
SRR8728521,2019-05-13 16:37:09,2019-03-14 16:18:56,18877207,2359650875,0,125,739,,https://sra-download.ncbi.nlm.nih.gov/traces/sra42/SRR/008523/SRR8728521,SRX5521632,,MBD-Seq,MBD2 protein methyl-CpG binding domain,GENOMIC,SINGLE,0,0,ILLUMINA,Illumina Genome Analyzer IIx,SRP188421,PRJNA527061,3,527061,SRS4488871,SAMN11126120,simple,9606,Homo sapiens,GSM3670881,,,,,,,no,,,,,GEO,SRA860113,,public,1163926CE21B2377B24EAEF9B7CD0B51,0D50320DB8149451AA903340163573E8
SRR8728522,2019-05-13 16:37:09,2019-03-14 16:25:21,23353510,2919188750,0,125,941,,https://sra-download.ncbi.nlm.nih.gov/traces/sra2/SRR/008523/SRR8728522,SRX5521633,,MBD-Seq,MBD2 protein methyl-CpG binding domain,GENOMIC,SINGLE,0,0,ILLUMINA,Illumina Genome Analyzer IIx,SRP188421,PRJNA527061,3,527061,SRS4488872,SAMN11126119,simple,9606,Homo sapiens,GSM3670882,,,,,,,no,,,,,GEO,SRA860113,,public,4F32594C00C31B59007A3426EE82E9D8,0C48FA9A5414A933A99DF353234D24C0
SRR8728523,2019-05-13 16:37:09,2019-03-14 16:23:18,23055834,2881979250,0,125,929,,https://sra-download.ncbi.nlm.nih.gov/traces/sra42/SRR/008523/SRR8728523,SRX5521634,,MBD-Seq,MBD2 protein methyl-CpG binding domain,GENOMIC,SINGLE,0,0,ILLUMINA,Illumina Genome Analyzer IIx,SRP188421,PRJNA527061,3,527061,SRS4488873,SAMN11126118,simple,9606,Homo sapiens,GSM3670883,,,,,,,no,,,,,GEO,SRA860113,,public,D5BF2164FC300806B50F89F1918321DA,98CC41FFD08E08C80D8B59D2F305FF4E
SRR8728524,2019-05-13 16:37:09,2019-03-14 16:23:51,20470962,2558870250,0,125,828,,https://sra-download.ncbi.nlm.nih.gov/traces/sra77/SRR/008523/SRR8728524,SRX5521635,,MBD-Seq,MBD2 protein methyl-CpG binding domain,GENOMIC,SINGLE,0,0,ILLUMINA,Illumina Genome Analyzer IIx,SRP188421,PRJNA527061,3,527061,SRS4488874,SAMN11126117,simple,9606,Homo sapiens,GSM3670884,,,,,,,no,,,,,GEO,SRA860113,,public,3AB5C783406C5A9F98770F65E22C2C35,ED947ECBB32F38CBB797845A5EE18237
SRR8728525,2019-05-13 16:37:09,2019-03-14 16:13:33,17464457,2183057125,0,125,704,,https://sra-download.ncbi.nlm.nih.gov/traces/sra73/SRR/008523/SRR8728525,SRX5521636,,MBD-Seq,MBD2 protein methyl-CpG binding domain,GENOMIC,SINGLE,0,0,ILLUMINA,Illumina Genome Analyzer IIx,SRP188421,PRJNA527061,3,527061,SRS4488875,SAMN11126116,simple,9606,Homo sapiens,GSM3670885,,,,,,,no,,,,,GEO,SRA860113,,public,F16070DDAEF9CDBDDF24B35335C87D41,96B3E865C1C886187DC6D0738F4718A6
SRR8728526,2019-05-13 16:37:09,2019-03-14 16:14:36,18470237,2308779625,0,125,744,,https://sra-download.ncbi.nlm.nih.gov/traces/sra16/SRR/008523/SRR8728526,SRX5521637,,MBD-Seq,MBD2 protein methyl-CpG binding domain,GENOMIC,SINGLE,0,0,ILLUMINA,Illumina Genome Analyzer IIx,SRP188421,PRJNA527061,3,527061,SRS4488876,SAMN11126115,simple,9606,Homo sapiens,GSM3670886,,,,,,,no,,,,,GEO,SRA860113,,public,DF74610AE5A4C9FB7359DB7A2A4D7D95,A6262FFDC159FFA43B00D1593E282331
SRR8728527,2019-05-13 16:37:09,2019-03-14 16:15:13,20684433,2585554125,0,125,809,,https://sra-download.ncbi.nlm.nih.gov/traces/sra16/SRR/008523/SRR8728527,SRX5521638,,MBD-Seq,MBD2 protein methyl-CpG binding domain,GENOMIC,SINGLE,0,0,ILLUMINA,Illumina Genome Analyzer IIx,SRP188421,PRJNA527061,3,527061,SRS4488877,SAMN11126114,simple,9606,Homo sapiens,GSM3670887,,,,,,,no,,,,,GEO,SRA860113,,public,EA06B61D90CECFDEF2C63A9124D9DADD,4933F44F91A3A5EC8B300652A95246A8
SRR8728528,2019-05-13 16:37:09,2019-03-14 16:14:07,16344562,2043070250,0,125,641,,https://sra-download.ncbi.nlm.nih.gov/traces/sra74/SRR/008523/SRR8728528,SRX5521639,,MBD-Seq,MBD2 protein methyl-CpG binding domain,GENOMIC,SINGLE,0,0,ILLUMINA,Illumina Genome Analyzer IIx,SRP188421,PRJNA527061,3,527061,SRS4488878,SAMN11126113,simple,9606,Homo sapiens,GSM3670888,,,,,,,no,,,,,GEO,SRA860113,,public,9276B28B203595F9882F27F7D7891D46,2046C0523D4A731FE2BBBBED771D043F
SRR8728529,2019-05-13 16:37:09,2019-03-14 16:13:18,16906328,2113291000,0,125,683,,https://sra-download.ncbi.nlm.nih.gov/traces/sra0/SRR/008523/SRR8728529,SRX5521640,,MBD-Seq,MBD2 protein methyl-CpG binding domain,GENOMIC,SINGLE,0,0,ILLUMINA,Illumina Genome Analyzer IIx,SRP188421,PRJNA527061,3,527061,SRS4488879,SAMN11126112,simple,9606,Homo sapiens,GSM3670889,,,,,,,no,,,,,GEO,SRA860113,,public,536E86E84D04147EC32BCB2010653145,3EC9C29D27856B0D09ACB1307536C0F9
SRR8728530,2019-05-13 16:37:09,2019-03-14 16:15:31,19012338,2376542250,0,125,743,,https://sra-download.ncbi.nlm.nih.gov/traces/sra0/SRR/008523/SRR8728530,SRX5521641,,MBD-Seq,MBD2 protein methyl-CpG binding domain,GENOMIC,SINGLE,0,0,ILLUMINA,Illumina Genome Analyzer IIx,SRP188421,PRJNA527061,3,527061,SRS4488880,SAMN11126111,simple,9606,Homo sapiens,GSM3670890,,,,,,,no,,,,,GEO,SRA860113,,public,276E865BDD9AACF532A9E6C4456CF095,678EC8A62C096EE56D0AB7C24650BDC1
SRR8728531,2019-05-13 16:37:09,2019-03-14 16:15:00,20336208,2542026000,0,125,819,,https://sra-download.ncbi.nlm.nih.gov/traces/sra16/SRR/008523/SRR8728531,SRX5521642,,MBD-Seq,MBD2 protein methyl-CpG binding domain,GENOMIC,SINGLE,0,0,ILLUMINA,Illumina Genome Analyzer IIx,SRP188421,PRJNA527061,3,527061,SRS4488881,SAMN11126110,simple,9606,Homo sapiens,GSM3670891,,,,,,,no,,,,,GEO,SRA860113,,public,1AA9F2BF2D23E80DDD720794D938287F,F339AAF95AC81EFB498657428F5ECE64
SRR8728532,2019-05-13 16:37:09,2019-03-14 16:16:46,24659745,3082468125,0,125,961,,https://sra-download.ncbi.nlm.nih.gov/traces/sra73/SRR/008523/SRR8728532,SRX5521643,,MBD-Seq,MBD2 protein methyl-CpG binding domain,GENOMIC,SINGLE,0,0,ILLUMINA,Illumina Genome Analyzer IIx,SRP188421,PRJNA527061,3,527061,SRS4488882,SAMN11126109,simple,9606,Homo sapiens,GSM3670892,,,,,,,no,,,,,GEO,SRA860113,,public,1614305A6CDC782673E1FD39A5B489D5,B750E5FD7E92C46521DB69162810E26C
SRR8728533,2019-05-13 16:37:09,2019-03-14 16:12:54,15378488,1922311000,0,125,624,,https://sra-download.ncbi.nlm.nih.gov/traces/sra74/SRR/008523/SRR8728533,SRX5521644,,MBD-Seq,MBD2 protein methyl-CpG binding domain,GENOMIC,SINGLE,0,0,ILLUMINA,Illumina Genome Analyzer IIx,SRP188421,PRJNA527061,3,527061,SRS4488883,SAMN11126108,simple,9606,Homo sapiens,GSM3670893,,,,,,,no,,,,,GEO,SRA860113,,public,5007E14399A6A62471FD033EC64D86E0,9B7FEAE8309A9835D9148139EBBB0B21
SRR8728534,2019-05-13 16:37:09,2019-03-14 16:16:03,16783777,2097972125,0,125,678,,https://sra-download.ncbi.nlm.nih.gov/traces/sra16/SRR/008523/SRR8728534,SRX5521645,,MBD-Seq,MBD2 protein methyl-CpG binding domain,GENOMIC,SINGLE,0,0,ILLUMINA,Illumina Genome Analyzer IIx,SRP188421,PRJNA527061,3,527061,SRS4488884,SAMN11126107,simple,9606,Homo sapiens,GSM3670894,,,,,,,no,,,,,GEO,SRA860113,,public,F40611A9D6E5352BC5E9E031B11FEDA3,371928E5FC952E48AA4FC993CEC08267
SRR8728535,2019-05-13 16:37:09,2019-03-14 16:18:06,19005631,2375703875,0,125,762,,https://sra-download.ncbi.nlm.nih.gov/traces/sra0/SRR/008523/SRR8728535,SRX5521646,,MBD-Seq,MBD2 protein methyl-CpG binding domain,GENOMIC,SINGLE,0,0,ILLUMINA,Illumina Genome Analyzer IIx,SRP188421,PRJNA527061,3,527061,SRS4488885,SAMN11126106,simple,9606,Homo sapiens,GSM3670895,,,,,,,no,,,,,GEO,SRA860113,,public,7682392ACA08A5E70DBA6D5C14D45D9A,9B9B6ACE2EF23D671CC33D11EC144A99
SRR8728536,2019-05-13 16:37:09,2019-03-14 16:16:49,15142054,1892756750,0,125,594,,https://sra-download.ncbi.nlm.nih.gov/traces/sra73/SRR/008523/SRR8728536,SRX5521647,,MBD-Seq,MBD2 protein methyl-CpG binding domain,GENOMIC,SINGLE,0,0,ILLUMINA,Illumina Genome Analyzer IIx,SRP188421,PRJNA527061,3,527061,SRS4488886,SAMN11126105,simple,9606,Homo sapiens,GSM3670896,,,,,,,no,,,,,GEO,SRA860113,,public,6D5E0F60374B71F9B3B42F0270FCEAF9,A1D1C8AC45B92E36FF28D676906E5A61
SRR8728537,2019-05-13 16:37:09,2019-03-14 16:17:13,16239114,2029889250,0,125,657,,https://sra-download.ncbi.nlm.nih.gov/traces/sra42/SRR/008523/SRR8728537,SRX5521648,,MBD-Seq,MBD2 protein methyl-CpG binding domain,GENOMIC,SINGLE,0,0,ILLUMINA,Illumina Genome Analyzer IIx,SRP188421,PRJNA527061,3,527061,SRS4488887,SAMN11126104,simple,9606,Homo sapiens,GSM3670897,,,,,,,no,,,,,GEO,SRA860113,,public,ECE9195C28AE80EB3060225BDD174ADC,993E633221352E8643B25D0AB81F8343
SRR8728538,2019-05-13 16:37:09,2019-03-14 16:16:04,13900666,1737583250,0,125,560,,https://sra-download.ncbi.nlm.nih.gov/traces/sra16/SRR/008523/SRR8728538,SRX5521649,,MBD-Seq,MBD2 protein methyl-CpG binding domain,GENOMIC,SINGLE,0,0,ILLUMINA,Illumina Genome Analyzer IIx,SRP188421,PRJNA527061,3,527061,SRS4488888,SAMN11126103,simple,9606,Homo sapiens,GSM3670898,,,,,,,no,,,,,GEO,SRA860113,,public,ED1131F46604867725E88B754D8CD2C5,F21A989351F4159BC26B76FB4613DD60
SRR8728539,2019-05-13 16:37:09,2019-03-14 16:17:34,14664118,1833014750,0,125,573,,https://sra-download.ncbi.nlm.nih.gov/traces/sra2/SRR/008523/SRR8728539,SRX5521650,,MBD-Seq,MBD2 protein methyl-CpG binding domain,GENOMIC,SINGLE,0,0,ILLUMINA,Illumina Genome Analyzer IIx,SRP188421,PRJNA527061,3,527061,SRS4488889,SAMN11126152,simple,9606,Homo sapiens,GSM3670899,,,,,,,no,,,,,GEO,SRA860113,,public,547F41A69BA586E45DFF4EAFC54D07EC,1E9B9CB6CB2F5DBE088B1A15FC94C75B
SRR8728540,2019-05-13 16:37:09,2019-03-14 16:18:05,16498047,2062255875,0,125,665,,https://sra-download.ncbi.nlm.nih.gov/traces/sra74/SRR/008523/SRR8728540,SRX5521651,,MBD-Seq,MBD2 protein methyl-CpG binding domain,GENOMIC,SINGLE,0,0,ILLUMINA,Illumina Genome Analyzer IIx,SRP188421,PRJNA527061,3,527061,SRS4488890,SAMN11126151,simple,9606,Homo sapiens,GSM3670900,,,,,,,no,,,,,GEO,SRA860113,,public,B097034A3BC3DE05D174E3D1732C88C6,B5A24DA0EFF77DD8351072A1FA165092
SRR8728541,2019-05-13 16:37:09,2019-03-14 16:19:06,19549499,2443687375,0,125,765,,https://sra-download.ncbi.nlm.nih.gov/traces/sra0/SRR/008523/SRR8728541,SRX5521652,,MBD-Seq,MBD2 protein methyl-CpG binding domain,GENOMIC,SINGLE,0,0,ILLUMINA,Illumina Genome Analyzer IIx,SRP188421,PRJNA527061,3,527061,SRS4488891,SAMN11126150,simple,9606,Homo sapiens,GSM3670901,,,,,,,no,,,,,GEO,SRA860113,,public,3E8E8AE1A9417527F2E11E19AD13D86E,09D5DF3E9B6775BC7ED4629CBC73F64C
SRR8728542,2019-05-13 16:37:09,2019-03-14 16:18:46,15302023,1912752875,0,125,616,,https://sra-download.ncbi.nlm.nih.gov/traces/sra73/SRR/008523/SRR8728542,SRX5521653,,MBD-Seq,MBD2 protein methyl-CpG binding domain,GENOMIC,SINGLE,0,0,ILLUMINA,Illumina Genome Analyzer IIx,SRP188421,PRJNA527061,3,527061,SRS4488892,SAMN11126149,simple,9606,Homo sapiens,GSM3670902,,,,,,,no,,,,,GEO,SRA860113,,public,F9A5696CA4200EB86216AD652BDB901E,CA26CC7022C90CA8E5AC1BF1AECE65EB
SRR8728543,2019-05-13 16:37:11,2019-03-14 16:29:16,24481482,3060185250,0,125,1002,,https://sra-download.ncbi.nlm.nih.gov/traces/sra16/SRR/008523/SRR8728543,SRX5521654,,RNA-Seq,cDNA,TRANSCRIPTOMIC,SINGLE,0,0,ILLUMINA,Illumina Genome Analyzer IIx,SRP188422,PRJNA527060,3,527060,SRS4488893,SAMN11126159,simple,9606,Homo sapiens,GSM3670903,,,,,,,no,,,,,GEO,SRA860114,,public,FCE510E8C93C104033B394B2C492D855,EB2F27DD96426794C303D82722DDBE00
SRR8728544,2019-05-13 16:37:11,2019-03-14 16:29:48,24529824,3066228000,0,125,1002,,https://sra-download.ncbi.nlm.nih.gov/traces/sra42/SRR/008523/SRR8728544,SRX5521654,,RNA-Seq,cDNA,TRANSCRIPTOMIC,SINGLE,0,0,ILLUMINA,Illumina Genome Analyzer IIx,SRP188422,PRJNA527060,3,527060,SRS4488893,SAMN11126159,simple,9606,Homo sapiens,GSM3670903,,,,,,,no,,,,,GEO,SRA860114,,public,6E4675AE056C758540439301646CE680,F90B66E96A7D9FBA708EEE8301267960
SRR8728545,2019-05-13 16:37:11,2019-03-14 16:28:54,24255527,3031940875,0,125,993,,https://sra-download.ncbi.nlm.nih.gov/traces/sra16/SRR/008523/SRR8728545,SRX5521654,,RNA-Seq,cDNA,TRANSCRIPTOMIC,SINGLE,0,0,ILLUMINA,Illumina Genome Analyzer IIx,SRP188422,PRJNA527060,3,527060,SRS4488893,SAMN11126159,simple,9606,Homo sapiens,GSM3670903,,,,,,,no,,,,,GEO,SRA860114,,public,01161A71E3F1F7A3E55DCACD73E87F20,C4FB3AABF312E34898264B76C3C3FCC4
SRR8728546,2019-05-13 16:37:11,2019-03-14 16:28:15,22965558,2870694750,0,125,942,,https://sra-download.ncbi.nlm.nih.gov/traces/sra0/SRR/008523/SRR8728546,SRX5521655,,RNA-Seq,cDNA,TRANSCRIPTOMIC,SINGLE,0,0,ILLUMINA,Illumina Genome Analyzer IIx,SRP188422,PRJNA527060,3,527060,SRS4488894,SAMN11126158,simple,9606,Homo sapiens,GSM3670904,,,,,,,no,,,,,GEO,SRA860114,,public,7766471AEB8C78615B3B651C858F509B,0279444F5A0171493260C93065539583
SRR8728547,2019-05-13 16:37:11,2019-03-14 16:29:26,23025466,2878183250,0,125,942,,https://sra-download.ncbi.nlm.nih.gov/traces/sra0/SRR/008523/SRR8728547,SRX5521655,,RNA-Seq,cDNA,TRANSCRIPTOMIC,SINGLE,0,0,ILLUMINA,Illumina Genome Analyzer IIx,SRP188422,PRJNA527060,3,527060,SRS4488894,SAMN11126158,simple,9606,Homo sapiens,GSM3670904,,,,,,,no,,,,,GEO,SRA860114,,public,CA274C41FF169CAD0E7E012B925FE261,9067B3F093D70427CF03E3F551DFBB24
SRR8728548,2019-05-13 16:37:11,2019-03-14 16:27:26,22727955,2840994375,0,125,932,,https://sra-download.ncbi.nlm.nih.gov/traces/sra0/SRR/008523/SRR8728548,SRX5521655,,RNA-Seq,cDNA,TRANSCRIPTOMIC,SINGLE,0,0,ILLUMINA,Illumina Genome Analyzer IIx,SRP188422,PRJNA527060,3,527060,SRS4488894,SAMN11126158,simple,9606,Homo sapiens,GSM3670904,,,,,,,no,,,,,GEO,SRA860114,,public,0A2FFE0CDB62A304E38F15F9C6A08497,630CB2F49012FD433A6953C588400AA3
SRR8728549,2019-05-13 16:37:11,2019-03-14 16:27:35,20599080,2574885000,0,125,842,,https://sra-download.ncbi.nlm.nih.gov/traces/sra2/SRR/008523/SRR8728549,SRX5521656,,RNA-Seq,cDNA,TRANSCRIPTOMIC,SINGLE,0,0,ILLUMINA,Illumina Genome Analyzer IIx,SRP188422,PRJNA527060,3,527060,SRS4488895,SAMN11126157,simple,9606,Homo sapiens,GSM3670905,,,,,,,no,,,,,GEO,SRA860114,,public,1EABA14E943C2FAD3F9A1819DE23DABC,98F57EA6FE117E9B0ED212E76BF465F3
SRR8728550,2019-05-13 16:37:11,2019-03-14 16:27:28,20734352,2591794000,0,125,841,,https://sra-download.ncbi.nlm.nih.gov/traces/sra0/SRR/008523/SRR8728550,SRX5521656,,RNA-Seq,cDNA,TRANSCRIPTOMIC,SINGLE,0,0,ILLUMINA,Illumina Genome Analyzer IIx,SRP188422,PRJNA527060,3,527060,SRS4488895,SAMN11126157,simple,9606,Homo sapiens,GSM3670905,,,,,,,no,,,,,GEO,SRA860114,,public,69AA72F5C0B83E117B7FBD770066343C,680C12F9C214D8C89167F1CD73A58ED5
SRR8728551,2019-05-13 16:37:11,2019-03-14 16:27:44,20752073,2594009125,0,125,842,,https://sra-download.ncbi.nlm.nih.gov/traces/sra41/SRR/008523/SRR8728551,SRX5521656,,RNA-Seq,cDNA,TRANSCRIPTOMIC,SINGLE,0,0,ILLUMINA,Illumina Genome Analyzer IIx,SRP188422,PRJNA527060,3,527060,SRS4488895,SAMN11126157,simple,9606,Homo sapiens,GSM3670905,,,,,,,no,,,,,GEO,SRA860114,,public,C00C4420388838F50D1645CACDAF6B38,D95DED9BC74E612576C068E64E89E22C
SRR8728552,2019-05-13 16:37:12,2019-03-14 16:29:26,21092602,2636575250,0,125,867,,https://sra-download.ncbi.nlm.nih.gov/traces/sra41/SRR/008523/SRR8728552,SRX5521657,,RNA-Seq,cDNA,TRANSCRIPTOMIC,SINGLE,0,0,ILLUMINA,Illumina Genome Analyzer IIx,SRP188422,PRJNA527060,3,527060,SRS4488896,SAMN11126156,simple,9606,Homo sapiens,GSM3670906,,,,,,,no,,,,,GEO,SRA860114,,public,697A10CD2D3D2A9BDCCDA8645ACAD597,444C2F06B32E08D7B25144D87D218E69
SRR8728553,2019-05-13 16:37:12,2019-03-14 16:27:59,21131544,2641443000,0,125,866,,https://sra-download.ncbi.nlm.nih.gov/traces/sra41/SRR/008523/SRR8728553,SRX5521657,,RNA-Seq,cDNA,TRANSCRIPTOMIC,SINGLE,0,0,ILLUMINA,Illumina Genome Analyzer IIx,SRP188422,PRJNA527060,3,527060,SRS4488896,SAMN11126156,simple,9606,Homo sapiens,GSM3670906,,,,,,,no,,,,,GEO,SRA860114,,public,95E8E4DD142B18BC486A2E2EE2CCDA67,617BC239E444AFAD01A165A396EB115A
SRR8728554,2019-05-13 16:37:12,2019-03-14 16:27:40,20901247,2612655875,0,125,858,,https://sra-download.ncbi.nlm.nih.gov/traces/sra0/SRR/008523/SRR8728554,SRX5521657,,RNA-Seq,cDNA,TRANSCRIPTOMIC,SINGLE,0,0,ILLUMINA,Illumina Genome Analyzer IIx,SRP188422,PRJNA527060,3,527060,SRS4488896,SAMN11126156,simple,9606,Homo sapiens,GSM3670906,,,,,,,no,,,,,GEO,SRA860114,,public,AEA57BF313352BBC0FCC29FAFF3F968E,34FC0470E6FAE76FE8B0D99CECBBFED3
SRR8728555,2019-05-13 16:37:12,2019-03-14 16:29:19,22957127,2869640875,0,125,943,,https://sra-download.ncbi.nlm.nih.gov/traces/sra41/SRR/008523/SRR8728555,SRX5521658,,RNA-Seq,cDNA,TRANSCRIPTOMIC,SINGLE,0,0,ILLUMINA,Illumina Genome Analyzer IIx,SRP188422,PRJNA527060,3,527060,SRS4488897,SAMN11126183,simple,9606,Homo sapiens,GSM3670907,,,,,,,no,,,,,GEO,SRA860114,,public,0D3B9CFEE4DF40C29D770659E9DDF9FE,B6117A428BCF456A8D1B405FB9B19803
SRR8728556,2019-05-13 16:37:12,2019-03-14 16:27:58,22994701,2874337625,0,125,943,,https://sra-download.ncbi.nlm.nih.gov/traces/sra16/SRR/008523/SRR8728556,SRX5521658,,RNA-Seq,cDNA,TRANSCRIPTOMIC,SINGLE,0,0,ILLUMINA,Illumina Genome Analyzer IIx,SRP188422,PRJNA527060,3,527060,SRS4488897,SAMN11126183,simple,9606,Homo sapiens,GSM3670907,,,,,,,no,,,,,GEO,SRA860114,,public,4C48514F5A6707A2098A75DC023B8A84,9FCFA13C8AE9FF53D9BC9F03B4032FF3
SRR8728557,2019-05-13 16:37:12,2019-03-14 16:29:09,22767012,2845876500,0,125,935,,https://sra-download.ncbi.nlm.nih.gov/traces/sra41/SRR/008523/SRR8728557,SRX5521658,,RNA-Seq,cDNA,TRANSCRIPTOMIC,SINGLE,0,0,ILLUMINA,Illumina Genome Analyzer IIx,SRP188422,PRJNA527060,3,527060,SRS4488897,SAMN11126183,simple,9606,Homo sapiens,GSM3670907,,,,,,,no,,,,,GEO,SRA860114,,public,10EDAF7B7A3C97AB6233481E25F63159,E68372F7085312391E67026D0A9F3BB0
SRR8728558,2019-05-13 16:37:12,2019-03-14 16:28:26,26794167,3349270875,0,125,1097,,https://sra-download.ncbi.nlm.nih.gov/traces/sra16/SRR/008523/SRR8728558,SRX5521659,,RNA-Seq,cDNA,TRANSCRIPTOMIC,SINGLE,0,0,ILLUMINA,Illumina Genome Analyzer IIx,SRP188422,PRJNA527060,3,527060,SRS4488898,SAMN11126182,simple,9606,Homo sapiens,GSM3670908,,,,,,,no,,,,,GEO,SRA860114,,public,A9E3DD14FA47E7E8B8147924A0E19F3B,F98B1A50E7205904793A019A88A63BE0
SRR8728559,2019-05-13 16:37:12,2019-03-14 16:30:13,26908864,3363608000,0,125,1093,,https://sra-download.ncbi.nlm.nih.gov/traces/sra2/SRR/008523/SRR8728559,SRX5521659,,RNA-Seq,cDNA,TRANSCRIPTOMIC,SINGLE,0,0,ILLUMINA,Illumina Genome Analyzer IIx,SRP188422,PRJNA527060,3,527060,SRS4488898,SAMN11126182,simple,9606,Homo sapiens,GSM3670908,,,,,,,no,,,,,GEO,SRA860114,,public,9EC50C5D664052B6905792B8A892B112,7EE0AEC5D2E0DC65CBBED9E80EEAD8E3
SRR8728560,2019-05-13 16:37:12,2019-03-14 16:34:52,26909576,3363697000,0,125,1094,,https://sra-download.ncbi.nlm.nih.gov/traces/sra73/SRR/008523/SRR8728560,SRX5521659,,RNA-Seq,cDNA,TRANSCRIPTOMIC,SINGLE,0,0,ILLUMINA,Illumina Genome Analyzer IIx,SRP188422,PRJNA527060,3,527060,SRS4488898,SAMN11126182,simple,9606,Homo sapiens,GSM3670908,,,,,,,no,,,,,GEO,SRA860114,,public,C327C09297D79A33951D1CFA6A9E0C2C,28B379CA06A0409C4E9854B60F61A961
SRR8728561,2019-05-13 16:37:12,2019-03-14 16:32:43,20791142,2598892750,0,125,853,,https://sra-download.ncbi.nlm.nih.gov/traces/sra73/SRR/008523/SRR8728561,SRX5521660,,RNA-Seq,cDNA,TRANSCRIPTOMIC,SINGLE,0,0,ILLUMINA,Illumina Genome Analyzer IIx,SRP188422,PRJNA527060,3,527060,SRS4488899,SAMN11126181,simple,9606,Homo sapiens,GSM3670909,,,,,,,no,,,,,GEO,SRA860114,,public,7A3EE681A8E58852C019BDA5B4759788,172B60652E2FD5A83865E14B265F77AD
SRR8728562,2019-05-13 16:37:12,2019-03-14 16:33:01,20910975,2613871875,0,125,852,,https://sra-download.ncbi.nlm.nih.gov/traces/sra74/SRR/008523/SRR8728562,SRX5521660,,RNA-Seq,cDNA,TRANSCRIPTOMIC,SINGLE,0,0,ILLUMINA,Illumina Genome Analyzer IIx,SRP188422,PRJNA527060,3,527060,SRS4488899,SAMN11126181,simple,9606,Homo sapiens,GSM3670909,,,,,,,no,,,,,GEO,SRA860114,,public,FBC40E6AFF7CA284C348C8644DAB5322,0B7803156BDABE6B667AFEBB2C30805A
SRR8728563,2019-05-13 16:37:12,2019-03-14 16:35:47,20934820,2616852500,0,125,853,,https://sra-download.ncbi.nlm.nih.gov/traces/sra42/SRR/008523/SRR8728563,SRX5521660,,RNA-Seq,cDNA,TRANSCRIPTOMIC,SINGLE,0,0,ILLUMINA,Illumina Genome Analyzer IIx,SRP188422,PRJNA527060,3,527060,SRS4488899,SAMN11126181,simple,9606,Homo sapiens,GSM3670909,,,,,,,no,,,,,GEO,SRA860114,,public,69B3B5985893661AFB6641FCDA539CAD,05E5488D0FAFFFA2DD73C6D385EB8856
SRR8728564,2019-05-13 16:37:12,2019-03-14 16:35:19,23197325,2899665625,0,125,947,,https://sra-download.ncbi.nlm.nih.gov/traces/sra0/SRR/008523/SRR8728564,SRX5521661,,RNA-Seq,cDNA,TRANSCRIPTOMIC,SINGLE,0,0,ILLUMINA,Illumina Genome Analyzer IIx,SRP188422,PRJNA527060,3,527060,SRS4488900,SAMN11126180,simple,9606,Homo sapiens,GSM3670910,,,,,,,no,,,,,GEO,SRA860114,,public,042CF02AA4E1D860BD890F0B5EABDF87,CE69AF4AE7B1B46C6C553F54BE997B8D
SRR8728565,2019-05-13 16:37:12,2019-03-14 16:35:28,23307999,2913499875,0,125,945,,https://sra-download.ncbi.nlm.nih.gov/traces/sra42/SRR/008523/SRR8728565,SRX5521661,,RNA-Seq,cDNA,TRANSCRIPTOMIC,SINGLE,0,0,ILLUMINA,Illumina Genome Analyzer IIx,SRP188422,PRJNA527060,3,527060,SRS4488900,SAMN11126180,simple,9606,Homo sapiens,GSM3670910,,,,,,,no,,,,,GEO,SRA860114,,public,7D3311FA4BF03FB11CA7514C3EFEA3EF,ACD52EE8FBC70AA5D35217CCA2F5647C
SRR8728566,2019-05-13 16:37:12,2019-03-14 16:34:52,23297059,2912132375,0,125,945,,https://sra-download.ncbi.nlm.nih.gov/traces/sra0/SRR/008523/SRR8728566,SRX5521661,,RNA-Seq,cDNA,TRANSCRIPTOMIC,SINGLE,0,0,ILLUMINA,Illumina Genome Analyzer IIx,SRP188422,PRJNA527060,3,527060,SRS4488900,SAMN11126180,simple,9606,Homo sapiens,GSM3670910,,,,,,,no,,,,,GEO,SRA860114,,public,B23AB24E6CFDFA54A54C8E310BE37899,D97C2A6A25A656B66864371E8C99D911
SRR8728567,2019-05-13 16:37:12,2019-03-14 16:27:00,19092744,2386593000,0,125,780,,https://sra-download.ncbi.nlm.nih.gov/traces/sra16/SRR/008523/SRR8728567,SRX5521662,,RNA-Seq,cDNA,TRANSCRIPTOMIC,SINGLE,0,0,ILLUMINA,Illumina Genome Analyzer IIx,SRP188422,PRJNA527060,3,527060,SRS4488901,SAMN11126179,simple,9606,Homo sapiens,GSM3670911,,,,,,,no,,,,,GEO,SRA860114,,public,E211DF41862AA16A21701BD1B448995D,4420AAB20887EA20606466DCF981418F
SRR8728568,2019-05-13 16:37:12,2019-03-14 16:27:47,19210825,2401353125,0,125,779,,https://sra-download.ncbi.nlm.nih.gov/traces/sra0/SRR/008523/SRR8728568,SRX5521662,,RNA-Seq,cDNA,TRANSCRIPTOMIC,SINGLE,0,0,ILLUMINA,Illumina Genome Analyzer IIx,SRP188422,PRJNA527060,3,527060,SRS4488901,SAMN11126179,simple,9606,Homo sapiens,GSM3670911,,,,,,,no,,,,,GEO,SRA860114,,public,0677879A2882C3BD6912C104A46DE7C0,EC2D10A7A5AE07AB846F800662281B0F
SRR8728569,2019-05-13 16:37:12,2019-03-14 16:27:19,19213532,2401691500,0,125,779,,https://sra-download.ncbi.nlm.nih.gov/traces/sra74/SRR/008523/SRR8728569,SRX5521662,,RNA-Seq,cDNA,TRANSCRIPTOMIC,SINGLE,0,0,ILLUMINA,Illumina Genome Analyzer IIx,SRP188422,PRJNA527060,3,527060,SRS4488901,SAMN11126179,simple,9606,Homo sapiens,GSM3670911,,,,,,,no,,,,,GEO,SRA860114,,public,E64353A24FA73F6EC03F69DD566DB054,327C330FA3B7CCAB514B6ECDDA425452
SRR8728570,2019-05-13 16:37:12,2019-03-14 16:26:23,16263633,2032954125,0,125,668,,https://sra-download.ncbi.nlm.nih.gov/traces/sra0/SRR/008523/SRR8728570,SRX5521663,,RNA-Seq,cDNA,TRANSCRIPTOMIC,SINGLE,0,0,ILLUMINA,Illumina Genome Analyzer IIx,SRP188422,PRJNA527060,3,527060,SRS4488902,SAMN11126178,simple,9606,Homo sapiens,GSM3670912,,,,,,,no,,,,,GEO,SRA860114,,public,6DBE6B789C27AA1E13E27D2E3FC76B20,6D25BC072AAAAE2551949ED374CB0BEA
SRR8728571,2019-05-13 16:37:12,2019-03-14 16:26:50,16354103,2044262875,0,125,667,,https://sra-download.ncbi.nlm.nih.gov/traces/sra41/SRR/008523/SRR8728571,SRX5521663,,RNA-Seq,cDNA,TRANSCRIPTOMIC,SINGLE,0,0,ILLUMINA,Illumina Genome Analyzer IIx,SRP188422,PRJNA527060,3,527060,SRS4488902,SAMN11126178,simple,9606,Homo sapiens,GSM3670912,,,,,,,no,,,,,GEO,SRA860114,,public,1723C345FC210DCE71D6E854EF4CA404,B10B5BEEDCED0989F56000D464D69F08
SRR8728572,2019-05-13 16:37:12,2019-03-14 16:26:39,16343701,2042962625,0,125,667,,https://sra-download.ncbi.nlm.nih.gov/traces/sra42/SRR/008523/SRR8728572,SRX5521663,,RNA-Seq,cDNA,TRANSCRIPTOMIC,SINGLE,0,0,ILLUMINA,Illumina Genome Analyzer IIx,SRP188422,PRJNA527060,3,527060,SRS4488902,SAMN11126178,simple,9606,Homo sapiens,GSM3670912,,,,,,,no,,,,,GEO,SRA860114,,public,D7F40A5116B5F6D60B5C6BA38AD8F252,479897FAB8A317178A6B236AADBEC642
SRR8728573,2019-05-13 16:37:12,2019-03-14 16:28:01,22151375,2768921875,0,125,909,,https://sra-download.ncbi.nlm.nih.gov/traces/sra41/SRR/008523/SRR8728573,SRX5521664,,RNA-Seq,cDNA,TRANSCRIPTOMIC,SINGLE,0,0,ILLUMINA,Illumina Genome Analyzer IIx,SRP188422,PRJNA527060,3,527060,SRS4488903,SAMN11126177,simple,9606,Homo sapiens,GSM3670913,,,,,,,no,,,,,GEO,SRA860114,,public,B047A75A738D355EB076F7564421AD07,D74F486CF29CE8A69467A7A12A44DA49
SRR8728574,2019-05-13 16:37:12,2019-03-14 16:28:49,22185754,2773219250,0,125,908,,https://sra-download.ncbi.nlm.nih.gov/traces/sra0/SRR/008523/SRR8728574,SRX5521664,,RNA-Seq,cDNA,TRANSCRIPTOMIC,SINGLE,0,0,ILLUMINA,Illumina Genome Analyzer IIx,SRP188422,PRJNA527060,3,527060,SRS4488903,SAMN11126177,simple,9606,Homo sapiens,GSM3670913,,,,,,,no,,,,,GEO,SRA860114,,public,064A5A24A9A4411FFFE5086A973F88D0,F971F192151307757017D950449D7742
SRR8728575,2019-05-13 16:37:12,2019-03-14 16:28:34,21969210,2746151250,0,125,901,,https://sra-download.ncbi.nlm.nih.gov/traces/sra42/SRR/008523/SRR8728575,SRX5521664,,RNA-Seq,cDNA,TRANSCRIPTOMIC,SINGLE,0,0,ILLUMINA,Illumina Genome Analyzer IIx,SRP188422,PRJNA527060,3,527060,SRS4488903,SAMN11126177,simple,9606,Homo sapiens,GSM3670913,,,,,,,no,,,,,GEO,SRA860114,,public,63EDE54BF29FB34E0A1D36BD80FA5DB1,9A3E1659955D4309D8AB09C102F50CE2
SRR8728576,2019-05-13 16:37:12,2019-03-14 16:27:17,19866689,2483336125,0,125,818,,https://sra-download.ncbi.nlm.nih.gov/traces/sra41/SRR/008524/SRR8728576,SRX5521665,,RNA-Seq,cDNA,TRANSCRIPTOMIC,SINGLE,0,0,ILLUMINA,Illumina Genome Analyzer IIx,SRP188422,PRJNA527060,3,527060,SRS4488904,SAMN11126176,simple,9606,Homo sapiens,GSM3670914,,,,,,,no,,,,,GEO,SRA860114,,public,DCCB04F18A8D054AD57EBD2BCBC1057A,32B0065272A6FEFCFCC8733703A4404D
SRR8728577,2019-05-13 16:37:12,2019-03-14 16:27:19,19909399,2488674875,0,125,818,,https://sra-download.ncbi.nlm.nih.gov/traces/sra2/SRR/008524/SRR8728577,SRX5521665,,RNA-Seq,cDNA,TRANSCRIPTOMIC,SINGLE,0,0,ILLUMINA,Illumina Genome Analyzer IIx,SRP188422,PRJNA527060,3,527060,SRS4488904,SAMN11126176,simple,9606,Homo sapiens,GSM3670914,,,,,,,no,,,,,GEO,SRA860114,,public,8D9F948E85694F6CD130F0EB63F7DE92,F119D61AD9DA4F77CA08A7B5C4E81958
SRR8728578,2019-05-13 16:37:12,2019-03-14 16:27:08,19700818,2462602250,0,125,811,,https://sra-download.ncbi.nlm.nih.gov/traces/sra2/SRR/008524/SRR8728578,SRX5521665,,RNA-Seq,cDNA,TRANSCRIPTOMIC,SINGLE,0,0,ILLUMINA,Illumina Genome Analyzer IIx,SRP188422,PRJNA527060,3,527060,SRS4488904,SAMN11126176,simple,9606,Homo sapiens,GSM3670914,,,,,,,no,,,,,GEO,SRA860114,,public,995508EB7B01E1DADF4240BC984B3D7E,E3D2A71CEE96C462707EEBC850C5D865
SRR8728579,2019-05-13 16:37:12,2019-03-14 16:26:22,16032796,2004099500,0,125,657,,https://sra-download.ncbi.nlm.nih.gov/traces/sra2/SRR/008524/SRR8728579,SRX5521666,,RNA-Seq,cDNA,TRANSCRIPTOMIC,SINGLE,0,0,ILLUMINA,Illumina Genome Analyzer IIx,SRP188422,PRJNA527060,3,527060,SRS4488905,SAMN11126175,simple,9606,Homo sapiens,GSM3670915,,,,,,,no,,,,,GEO,SRA860114,,public,00B03F42C2D808769FA2542E6DD094C0,CE9E03CE74B59967B4E83C31136A1FD1
SRR8728580,2019-05-13 16:37:12,2019-03-14 16:26:23,16129796,2016224500,0,125,656,,https://sra-download.ncbi.nlm.nih.gov/traces/sra0/SRR/008524/SRR8728580,SRX5521666,,RNA-Seq,cDNA,TRANSCRIPTOMIC,SINGLE,0,0,ILLUMINA,Illumina Genome Analyzer IIx,SRP188422,PRJNA527060,3,527060,SRS4488905,SAMN11126175,simple,9606,Homo sapiens,GSM3670915,,,,,,,no,,,,,GEO,SRA860114,,public,FF6966866D8D0054C4759337A052F77F,1EFFF62F8485ED3E8637F42C3C0F68A4
SRR8728581,2019-05-13 16:37:12,2019-03-14 16:28:58,16117370,2014671250,0,125,656,,https://sra-download.ncbi.nlm.nih.gov/traces/sra16/SRR/008524/SRR8728581,SRX5521666,,RNA-Seq,cDNA,TRANSCRIPTOMIC,SINGLE,0,0,ILLUMINA,Illumina Genome Analyzer IIx,SRP188422,PRJNA527060,3,527060,SRS4488905,SAMN11126175,simple,9606,Homo sapiens,GSM3670915,,,,,,,no,,,,,GEO,SRA860114,,public,BA41C21DB3AC0BFFB3CC80915C90B435,7251E49CCFF069D1FD111CC58B9E1CE2
SRR8728582,2019-05-13 16:37:12,2019-03-14 16:31:26,20423972,2552996500,0,125,835,,https://sra-download.ncbi.nlm.nih.gov/traces/sra74/SRR/008524/SRR8728582,SRX5521667,,RNA-Seq,cDNA,TRANSCRIPTOMIC,SINGLE,0,0,ILLUMINA,Illumina Genome Analyzer IIx,SRP188422,PRJNA527060,3,527060,SRS4488906,SAMN11126174,simple,9606,Homo sapiens,GSM3670916,,,,,,,no,,,,,GEO,SRA860114,,public,290C49ADCFB6CC6D38401DDEB2AB8116,922B4888396E158D18DC7C5ACE004D9B
SRR8728583,2019-05-13 16:37:12,2019-03-14 16:29:48,20446293,2555786625,0,125,834,,https://sra-download.ncbi.nlm.nih.gov/traces/sra73/SRR/008524/SRR8728583,SRX5521667,,RNA-Seq,cDNA,TRANSCRIPTOMIC,SINGLE,0,0,ILLUMINA,Illumina Genome Analyzer IIx,SRP188422,PRJNA527060,3,527060,SRS4488906,SAMN11126174,simple,9606,Homo sapiens,GSM3670916,,,,,,,no,,,,,GEO,SRA860114,,public,0F9915353F5365633541761A6D989425,C8E30540155D99A19900664773DF6EF7
SRR8728584,2019-05-13 16:37:12,2019-03-14 16:29:46,20267620,2533452500,0,125,828,,https://sra-download.ncbi.nlm.nih.gov/traces/sra73/SRR/008524/SRR8728584,SRX5521667,,RNA-Seq,cDNA,TRANSCRIPTOMIC,SINGLE,0,0,ILLUMINA,Illumina Genome Analyzer IIx,SRP188422,PRJNA527060,3,527060,SRS4488906,SAMN11126174,simple,9606,Homo sapiens,GSM3670916,,,,,,,no,,,,,GEO,SRA860114,,public,B37A3260C72F4354052B3A39D5A7C904,B44FCD50DC8923AD72079C54A55F110C
SRR8728585,2019-05-13 16:37:12,2019-03-14 16:27:42,15391596,1923949500,0,125,638,,https://sra-download.ncbi.nlm.nih.gov/traces/sra73/SRR/008524/SRR8728585,SRX5521668,,RNA-Seq,cDNA,TRANSCRIPTOMIC,SINGLE,0,0,ILLUMINA,Illumina Genome Analyzer IIx,SRP188422,PRJNA527060,3,527060,SRS4488907,SAMN11126173,simple,9606,Homo sapiens,GSM3670917,,,,,,,no,,,,,GEO,SRA860114,,public,7415DD549638B0629AE84FA71F4472B3,5CB9BC9661FE2E022A4916E69B54A0EE
SRR8728586,2019-05-13 16:37:12,2019-03-14 16:27:27,15478019,1934752375,0,125,636,,https://sra-download.ncbi.nlm.nih.gov/traces/sra0/SRR/008524/SRR8728586,SRX5521668,,RNA-Seq,cDNA,TRANSCRIPTOMIC,SINGLE,0,0,ILLUMINA,Illumina Genome Analyzer IIx,SRP188422,PRJNA527060,3,527060,SRS4488907,SAMN11126173,simple,9606,Homo sapiens,GSM3670917,,,,,,,no,,,,,GEO,SRA860114,,public,16786D89DAADAC8679FF03D63DE9FEBC,C870AE6D48CF6DC1557DC877153C057E
SRR8728587,2019-05-13 16:37:12,2019-03-14 16:28:08,15460448,1932556000,0,125,636,,https://sra-download.ncbi.nlm.nih.gov/traces/sra0/SRR/008524/SRR8728587,SRX5521668,,RNA-Seq,cDNA,TRANSCRIPTOMIC,SINGLE,0,0,ILLUMINA,Illumina Genome Analyzer IIx,SRP188422,PRJNA527060,3,527060,SRS4488907,SAMN11126173,simple,9606,Homo sapiens,GSM3670917,,,,,,,no,,,,,GEO,SRA860114,,public,0C200BFFDFD66B7D3F6CF8CDF56DAD0F,86B55AD8B1C353A42CF6F88A68BB418A
SRR8728588,2019-05-13 16:37:12,2019-03-14 16:28:41,17369797,2171224625,0,125,715,,https://sra-download.ncbi.nlm.nih.gov/traces/sra74/SRR/008524/SRR8728588,SRX5521669,,RNA-Seq,cDNA,TRANSCRIPTOMIC,SINGLE,0,0,ILLUMINA,Illumina Genome Analyzer IIx,SRP188422,PRJNA527060,3,527060,SRS4488908,SAMN11126172,simple,9606,Homo sapiens,GSM3670918,,,,,,,no,,,,,GEO,SRA860114,,public,93034C3D6C5B727582C24677C88FB2B4,FC126E7488A59F17262B459C35F4C632
SRR8728589,2019-05-13 16:37:12,2019-03-14 16:28:52,17406315,2175789375,0,125,715,,https://sra-download.ncbi.nlm.nih.gov/traces/sra73/SRR/008524/SRR8728589,SRX5521669,,RNA-Seq,cDNA,TRANSCRIPTOMIC,SINGLE,0,0,ILLUMINA,Illumina Genome Analyzer IIx,SRP188422,PRJNA527060,3,527060,SRS4488908,SAMN11126172,simple,9606,Homo sapiens,GSM3670918,,,,,,,no,,,,,GEO,SRA860114,,public,829E2F3F74DF5982D76E07A6530DB23D,D0F9377C503361E03EB1657498F184CD
SRR8728590,2019-05-13 16:37:12,2019-03-14 16:28:04,17226286,2153285750,0,125,709,,https://sra-download.ncbi.nlm.nih.gov/traces/sra0/SRR/008524/SRR8728590,SRX5521669,,RNA-Seq,cDNA,TRANSCRIPTOMIC,SINGLE,0,0,ILLUMINA,Illumina Genome Analyzer IIx,SRP188422,PRJNA527060,3,527060,SRS4488908,SAMN11126172,simple,9606,Homo sapiens,GSM3670918,,,,,,,no,,,,,GEO,SRA860114,,public,267641FAB973CA638E45D1D0CC9B51AC,B8DF6934ABB7B17F1B25984DAC43BFF6
SRR8728591,2019-05-13 16:37:12,2019-03-14 16:28:56,17781847,2222730875,0,125,729,,https://sra-download.ncbi.nlm.nih.gov/traces/sra42/SRR/008524/SRR8728591,SRX5521670,,RNA-Seq,cDNA,TRANSCRIPTOMIC,SINGLE,0,0,ILLUMINA,Illumina Genome Analyzer IIx,SRP188422,PRJNA527060,3,527060,SRS4488909,SAMN11126171,simple,9606,Homo sapiens,GSM3670919,,,,,,,no,,,,,GEO,SRA860114,,public,3162E47F6980C70888669E9D9F509ED1,A74609273AD32CEAA67AAE06A58F1A68
SRR8728592,2019-05-13 16:37:12,2019-03-14 16:28:40,17810749,2226343625,0,125,728,,https://sra-download.ncbi.nlm.nih.gov/traces/sra74/SRR/008524/SRR8728592,SRX5521670,,RNA-Seq,cDNA,TRANSCRIPTOMIC,SINGLE,0,0,ILLUMINA,Illumina Genome Analyzer IIx,SRP188422,PRJNA527060,3,527060,SRS4488909,SAMN11126171,simple,9606,Homo sapiens,GSM3670919,,,,,,,no,,,,,GEO,SRA860114,,public,74EE3C424493EA58126BC971E35FDED4,8E25DB28D8B13F8E90758B5B316E35D7
SRR8728593,2019-05-13 16:37:12,2019-03-14 16:28:47,17624815,2203101875,0,125,722,,https://sra-download.ncbi.nlm.nih.gov/traces/sra0/SRR/008524/SRR8728593,SRX5521670,,RNA-Seq,cDNA,TRANSCRIPTOMIC,SINGLE,0,0,ILLUMINA,Illumina Genome Analyzer IIx,SRP188422,PRJNA527060,3,527060,SRS4488909,SAMN11126171,simple,9606,Homo sapiens,GSM3670919,,,,,,,no,,,,,GEO,SRA860114,,public,4EE180121A663D11697A337289DDA766,644A32930D7587F2547465098EF3DC6A
SRR8728594,2019-05-13 16:37:12,2019-03-14 16:29:38,17215862,2151982750,0,125,706,,https://sra-download.ncbi.nlm.nih.gov/traces/sra42/SRR/008524/SRR8728594,SRX5521671,,RNA-Seq,cDNA,TRANSCRIPTOMIC,SINGLE,0,0,ILLUMINA,Illumina Genome Analyzer IIx,SRP188422,PRJNA527060,3,527060,SRS4488910,SAMN11126170,simple,9606,Homo sapiens,GSM3670920,,,,,,,no,,,,,GEO,SRA860114,,public,7F748966279323AA058CFBC011F8E254,61CB3E0B5332AD3DB0AFF28601D83D07
SRR8728595,2019-05-13 16:37:12,2019-03-14 16:28:35,17244178,2155522250,0,125,706,,https://sra-download.ncbi.nlm.nih.gov/traces/sra2/SRR/008524/SRR8728595,SRX5521671,,RNA-Seq,cDNA,TRANSCRIPTOMIC,SINGLE,0,0,ILLUMINA,Illumina Genome Analyzer IIx,SRP188422,PRJNA527060,3,527060,SRS4488910,SAMN11126170,simple,9606,Homo sapiens,GSM3670920,,,,,,,no,,,,,GEO,SRA860114,,public,211B4D93D30335FB201F028285B2432F,8C9FF46084849BAD87CA721D0B5FC9B5
SRR8728596,2019-05-13 16:37:12,2019-03-14 16:27:46,17082464,2135308000,0,125,701,,https://sra-download.ncbi.nlm.nih.gov/traces/sra41/SRR/008524/SRR8728596,SRX5521671,,RNA-Seq,cDNA,TRANSCRIPTOMIC,SINGLE,0,0,ILLUMINA,Illumina Genome Analyzer IIx,SRP188422,PRJNA527060,3,527060,SRS4488910,SAMN11126170,simple,9606,Homo sapiens,GSM3670920,,,,,,,no,,,,,GEO,SRA860114,,public,A519B9E0C47AE9073732DBDE3B2893F1,8FDBA402179D38C41F78C2A4096C8D5D
SRR8728597,2019-05-13 16:37:12,2019-03-14 16:28:49,18156380,2269547500,0,125,741,,https://sra-download.ncbi.nlm.nih.gov/traces/sra0/SRR/008524/SRR8728597,SRX5521672,,RNA-Seq,cDNA,TRANSCRIPTOMIC,SINGLE,0,0,ILLUMINA,Illumina Genome Analyzer IIx,SRP188422,PRJNA527060,3,527060,SRS4488911,SAMN11126169,simple,9606,Homo sapiens,GSM3670921,,,,,,,no,,,,,GEO,SRA860114,,public,BADFC66701E2B62B10A2D02EBD1115AF,F5E2B9058B460E22A5E8240144068C2E
SRR8728598,2019-05-13 16:37:12,2019-03-14 16:29:47,18247124,2280890500,0,125,739,,https://sra-download.ncbi.nlm.nih.gov/traces/sra2/SRR/008524/SRR8728598,SRX5521672,,RNA-Seq,cDNA,TRANSCRIPTOMIC,SINGLE,0,0,ILLUMINA,Illumina Genome Analyzer IIx,SRP188422,PRJNA527060,3,527060,SRS4488911,SAMN11126169,simple,9606,Homo sapiens,GSM3670921,,,,,,,no,,,,,GEO,SRA860114,,public,A3AE2D74D9C8B58118239E3A533DA3F9,D6B74FE9C5C1759AE840491B4C5D9196
SRR8728599,2019-05-13 16:37:12,2019-03-14 16:28:56,18281760,2285220000,0,125,740,,https://sra-download.ncbi.nlm.nih.gov/traces/sra41/SRR/008524/SRR8728599,SRX5521672,,RNA-Seq,cDNA,TRANSCRIPTOMIC,SINGLE,0,0,ILLUMINA,Illumina Genome Analyzer IIx,SRP188422,PRJNA527060,3,527060,SRS4488911,SAMN11126169,simple,9606,Homo sapiens,GSM3670921,,,,,,,no,,,,,GEO,SRA860114,,public,60C4F0D05B8AF3DD04BDDB6630F1F619,B4478C8A331A5DAB73A21663B10292F3
SRR8728600,2019-05-13 16:37:12,2019-03-14 16:28:55,17201707,2150213375,0,125,710,,https://sra-download.ncbi.nlm.nih.gov/traces/sra41/SRR/008524/SRR8728600,SRX5521673,,RNA-Seq,cDNA,TRANSCRIPTOMIC,SINGLE,0,0,ILLUMINA,Illumina Genome Analyzer IIx,SRP188422,PRJNA527060,3,527060,SRS4488912,SAMN11126168,simple,9606,Homo sapiens,GSM3670922,,,,,,,no,,,,,GEO,SRA860114,,public,51F030526D5FEDE0ADBFD1A3FE91B29A,1DF0607803A586C53BB7DD71F42E9326
SRR8728601,2019-05-13 16:37:12,2019-03-14 16:31:05,17285356,2160669500,0,125,708,,https://sra-download.ncbi.nlm.nih.gov/traces/sra16/SRR/008524/SRR8728601,SRX5521673,,RNA-Seq,cDNA,TRANSCRIPTOMIC,SINGLE,0,0,ILLUMINA,Illumina Genome Analyzer IIx,SRP188422,PRJNA527060,3,527060,SRS4488912,SAMN11126168,simple,9606,Homo sapiens,GSM3670922,,,,,,,no,,,,,GEO,SRA860114,,public,0137222C0A23093C7D47E50203381673,086D05534B37358022BDC7DD80713B56
SRR8728602,2019-05-13 16:37:12,2019-03-14 16:30:16,17274104,2159263000,0,125,708,,https://sra-download.ncbi.nlm.nih.gov/traces/sra0/SRR/008524/SRR8728602,SRX5521673,,RNA-Seq,cDNA,TRANSCRIPTOMIC,SINGLE,0,0,ILLUMINA,Illumina Genome Analyzer IIx,SRP188422,PRJNA527060,3,527060,SRS4488912,SAMN11126168,simple,9606,Homo sapiens,GSM3670922,,,,,,,no,,,,,GEO,SRA860114,,public,B57873521895964E807F6B02A0DF9FE3,BFBAA669E2772EBD212E36C66F38B306
SRR8728603,2019-05-13 16:37:12,2019-03-14 16:30:11,15517718,1939714750,0,125,644,,https://sra-download.ncbi.nlm.nih.gov/traces/sra41/SRR/008524/SRR8728603,SRX5521674,,RNA-Seq,cDNA,TRANSCRIPTOMIC,SINGLE,0,0,ILLUMINA,Illumina Genome Analyzer IIx,SRP188422,PRJNA527060,3,527060,SRS4488913,SAMN11126167,simple,9606,Homo sapiens,GSM3670923,,,,,,,no,,,,,GEO,SRA860114,,public,14DC1B8E736AA78D8C7B35B35A85C3E2,5EE11F3963AC040BD16B2E6545B1A69B
SRR8728604,2019-05-13 16:37:12,2019-03-14 16:29:31,15628093,1953511625,0,125,644,,https://sra-download.ncbi.nlm.nih.gov/traces/sra16/SRR/008524/SRR8728604,SRX5521674,,RNA-Seq,cDNA,TRANSCRIPTOMIC,SINGLE,0,0,ILLUMINA,Illumina Genome Analyzer IIx,SRP188422,PRJNA527060,3,527060,SRS4488913,SAMN11126167,simple,9606,Homo sapiens,GSM3670923,,,,,,,no,,,,,GEO,SRA860114,,public,7C2C67E7E81FEAC3DC9CFD92D842291A,072CB4F23F402628117A61ED2DC75669
SRR8728605,2019-05-13 16:37:12,2019-03-14 16:29:29,15628139,1953517375,0,125,644,,https://sra-download.ncbi.nlm.nih.gov/traces/sra41/SRR/008524/SRR8728605,SRX5521674,,RNA-Seq,cDNA,TRANSCRIPTOMIC,SINGLE,0,0,ILLUMINA,Illumina Genome Analyzer IIx,SRP188422,PRJNA527060,3,527060,SRS4488913,SAMN11126167,simple,9606,Homo sapiens,GSM3670923,,,,,,,no,,,,,GEO,SRA860114,,public,F116D3ADD8580D88E631AA9C4617EE56,95018914B0BB980D26B5AF9E705C721C
SRR8728606,2019-05-13 16:37:12,2019-03-14 16:33:25,22604372,2825546500,0,125,926,,https://sra-download.ncbi.nlm.nih.gov/traces/sra41/SRR/008524/SRR8728606,SRX5521675,,RNA-Seq,cDNA,TRANSCRIPTOMIC,SINGLE,0,0,ILLUMINA,Illumina Genome Analyzer IIx,SRP188422,PRJNA527060,3,527060,SRS4488914,SAMN11126166,simple,9606,Homo sapiens,GSM3670924,,,,,,,no,,,,,GEO,SRA860114,,public,9AC2D0FC63912FBB9D7CDB162AE2847B,63DF63E4CA8338F40084804A6CEC82CC
SRR8728607,2019-05-13 16:37:12,2019-03-14 16:32:08,22633316,2829164500,0,125,925,,https://sra-download.ncbi.nlm.nih.gov/traces/sra2/SRR/008524/SRR8728607,SRX5521675,,RNA-Seq,cDNA,TRANSCRIPTOMIC,SINGLE,0,0,ILLUMINA,Illumina Genome Analyzer IIx,SRP188422,PRJNA527060,3,527060,SRS4488914,SAMN11126166,simple,9606,Homo sapiens,GSM3670924,,,,,,,no,,,,,GEO,SRA860114,,public,42A39BDCBCFBFDCE608E3B09EED988DF,0E3F5ADE7F4B617DECDCA30CD61FE4CC
SRR8728608,2019-05-13 16:37:12,2019-03-14 16:34:47,22417664,2802208000,0,125,918,,https://sra-download.ncbi.nlm.nih.gov/traces/sra0/SRR/008524/SRR8728608,SRX5521675,,RNA-Seq,cDNA,TRANSCRIPTOMIC,SINGLE,0,0,ILLUMINA,Illumina Genome Analyzer IIx,SRP188422,PRJNA527060,3,527060,SRS4488914,SAMN11126166,simple,9606,Homo sapiens,GSM3670924,,,,,,,no,,,,,GEO,SRA860114,,public,47155146AEA43672CA648BA235975137,D5CA8CF2F0C3F7AC1AAD79F3B9E283A0
SRR8728609,2019-05-13 16:37:12,2019-03-14 16:30:33,17628311,2203538875,0,125,719,,https://sra-download.ncbi.nlm.nih.gov/traces/sra0/SRR/008524/SRR8728609,SRX5521676,,RNA-Seq,cDNA,TRANSCRIPTOMIC,SINGLE,0,0,ILLUMINA,Illumina Genome Analyzer IIx,SRP188422,PRJNA527060,3,527060,SRS4488915,SAMN11126165,simple,9606,Homo sapiens,GSM3670925,,,,,,,no,,,,,GEO,SRA860114,,public,215AFCBB9C9C27C75C52A36366AB1A6E,083D1A0CCA859A0B61C8788EE9AF329A
SRR8728610,2019-05-13 16:37:12,2019-03-14 16:30:16,17728937,2216117125,0,125,717,,https://sra-download.ncbi.nlm.nih.gov/traces/sra0/SRR/008524/SRR8728610,SRX5521676,,RNA-Seq,cDNA,TRANSCRIPTOMIC,SINGLE,0,0,ILLUMINA,Illumina Genome Analyzer IIx,SRP188422,PRJNA527060,3,527060,SRS4488915,SAMN11126165,simple,9606,Homo sapiens,GSM3670925,,,,,,,no,,,,,GEO,SRA860114,,public,644268BB2A875E58C81CE1DC6F6DFA66,BEAB32AE7044029AB3B8CD2F3C027A5A
SRR8728611,2019-05-13 16:37:12,2019-03-14 16:30:10,17717909,2214738625,0,125,717,,https://sra-download.ncbi.nlm.nih.gov/traces/sra16/SRR/008524/SRR8728611,SRX5521676,,RNA-Seq,cDNA,TRANSCRIPTOMIC,SINGLE,0,0,ILLUMINA,Illumina Genome Analyzer IIx,SRP188422,PRJNA527060,3,527060,SRS4488915,SAMN11126165,simple,9606,Homo sapiens,GSM3670925,,,,,,,no,,,,,GEO,SRA860114,,public,DB07C6C27CF7147C8531AD3C32A940BF,19BB8AE1009108362D30AC64D3444A85
SRR8728612,2019-05-13 16:37:12,2019-03-14 16:31:13,16806671,2100833875,0,125,684,,https://sra-download.ncbi.nlm.nih.gov/traces/sra0/SRR/008524/SRR8728612,SRX5521677,,RNA-Seq,cDNA,TRANSCRIPTOMIC,SINGLE,0,0,ILLUMINA,Illumina Genome Analyzer IIx,SRP188422,PRJNA527060,3,527060,SRS4488916,SAMN11126164,simple,9606,Homo sapiens,GSM3670926,,,,,,,no,,,,,GEO,SRA860114,,public,3ECF3C05BB5832558E5772974C12DA69,5486AD36292DEF0AA91330700C845DF0
SRR8728613,2019-05-13 16:37:12,2019-03-14 16:30:31,16884826,2110603250,0,125,682,,https://sra-download.ncbi.nlm.nih.gov/traces/sra16/SRR/008524/SRR8728613,SRX5521677,,RNA-Seq,cDNA,TRANSCRIPTOMIC,SINGLE,0,0,ILLUMINA,Illumina Genome Analyzer IIx,SRP188422,PRJNA527060,3,527060,SRS4488916,SAMN11126164,simple,9606,Homo sapiens,GSM3670926,,,,,,,no,,,,,GEO,SRA860114,,public,37DFAE46918D5B93775A4E4C7221A688,9D3BF655D2FA914D280610D0AD8556F1
SRR8728614,2019-05-13 16:37:12,2019-03-14 16:30:15,16867236,2108404500,0,125,682,,https://sra-download.ncbi.nlm.nih.gov/traces/sra42/SRR/008524/SRR8728614,SRX5521677,,RNA-Seq,cDNA,TRANSCRIPTOMIC,SINGLE,0,0,ILLUMINA,Illumina Genome Analyzer IIx,SRP188422,PRJNA527060,3,527060,SRS4488916,SAMN11126164,simple,9606,Homo sapiens,GSM3670926,,,,,,,no,,,,,GEO,SRA860114,,public,997AE3F4B374C344326CB92309220A96,E4408416E550F6801829492DAB60640B
SRR8728615,2019-05-13 16:37:12,2019-03-14 16:30:06,16355506,2044438250,0,125,672,,https://sra-download.ncbi.nlm.nih.gov/traces/sra41/SRR/008524/SRR8728615,SRX5521678,,RNA-Seq,cDNA,TRANSCRIPTOMIC,SINGLE,0,0,ILLUMINA,Illumina Genome Analyzer IIx,SRP188422,PRJNA527060,3,527060,SRS4488917,SAMN11126163,simple,9606,Homo sapiens,GSM3670927,,,,,,,no,,,,,GEO,SRA860114,,public,5B60516D2DF64D9186F5ACAB009447B9,6EA3539F8248DB2E1AFFF8006783E22F
SRR8728616,2019-05-13 16:37:12,2019-03-14 16:30:08,16377837,2047229625,0,125,672,,https://sra-download.ncbi.nlm.nih.gov/traces/sra0/SRR/008524/SRR8728616,SRX5521678,,RNA-Seq,cDNA,TRANSCRIPTOMIC,SINGLE,0,0,ILLUMINA,Illumina Genome Analyzer IIx,SRP188422,PRJNA527060,3,527060,SRS4488917,SAMN11126163,simple,9606,Homo sapiens,GSM3670927,,,,,,,no,,,,,GEO,SRA860114,,public,5A103402D18A96DF3DB4FCED30477C17,846880AED1A9F55C57FDD6005035F3C5
SRR8728617,2019-05-13 16:37:12,2019-03-14 16:30:15,16222274,2027784250,0,125,666,,https://sra-download.ncbi.nlm.nih.gov/traces/sra42/SRR/008524/SRR8728617,SRX5521678,,RNA-Seq,cDNA,TRANSCRIPTOMIC,SINGLE,0,0,ILLUMINA,Illumina Genome Analyzer IIx,SRP188422,PRJNA527060,3,527060,SRS4488917,SAMN11126163,simple,9606,Homo sapiens,GSM3670927,,,,,,,no,,,,,GEO,SRA860114,,public,E0EA2085213A06DF5C1258E0FF1A0FB2,A919F081B26A900C27392AACEC464C37
SRR8728618,2019-05-13 16:37:12,2019-03-14 16:30:20,15966626,1995828250,0,125,653,,https://sra-download.ncbi.nlm.nih.gov/traces/sra42/SRR/008524/SRR8728618,SRX5521679,,RNA-Seq,cDNA,TRANSCRIPTOMIC,SINGLE,0,0,ILLUMINA,Illumina Genome Analyzer IIx,SRP188422,PRJNA527060,3,527060,SRS4488918,SAMN11126162,simple,9606,Homo sapiens,GSM3670928,,,,,,,no,,,,,GEO,SRA860114,,public,BE45322933A2443D9DB49EAD74BC5729,8338190BB618510E11D9AD67442B0860
SRR8728619,2019-05-13 16:37:12,2019-03-14 16:30:54,16032930,2004116250,0,125,650,,https://sra-download.ncbi.nlm.nih.gov/traces/sra73/SRR/008524/SRR8728619,SRX5521679,,RNA-Seq,cDNA,TRANSCRIPTOMIC,SINGLE,0,0,ILLUMINA,Illumina Genome Analyzer IIx,SRP188422,PRJNA527060,3,527060,SRS4488918,SAMN11126162,simple,9606,Homo sapiens,GSM3670928,,,,,,,no,,,,,GEO,SRA860114,,public,0ACE19608104C9C139613EF37119E552,56345405C66F75F1A9C2C5FD080262E2
SRR8728620,2019-05-13 16:37:12,2019-03-14 16:30:23,16046618,2005827250,0,125,651,,https://sra-download.ncbi.nlm.nih.gov/traces/sra0/SRR/008524/SRR8728620,SRX5521679,,RNA-Seq,cDNA,TRANSCRIPTOMIC,SINGLE,0,0,ILLUMINA,Illumina Genome Analyzer IIx,SRP188422,PRJNA527060,3,527060,SRS4488918,SAMN11126162,simple,9606,Homo sapiens,GSM3670928,,,,,,,no,,,,,GEO,SRA860114,,public,4AF63BEE7909CD0E86F164F5E2AE3242,82A5CB0FA7E65CB67F18ABFF17426CCD
SRR8728621,2019-05-13 16:37:12,2019-03-14 16:30:02,15634718,1954339750,0,125,646,,https://sra-download.ncbi.nlm.nih.gov/traces/sra0/SRR/008524/SRR8728621,SRX5521680,,RNA-Seq,cDNA,TRANSCRIPTOMIC,SINGLE,0,0,ILLUMINA,Illumina Genome Analyzer IIx,SRP188422,PRJNA527060,3,527060,SRS4488919,SAMN11126161,simple,9606,Homo sapiens,GSM3670929,,,,,,,no,,,,,GEO,SRA860114,,public,ABFF2EC416EBCB1E0C84F4FA162C7A72,B595770443EB64C50A6273B02EE6A43F
SRR8728622,2019-05-13 16:37:12,2019-03-14 16:29:44,15687784,1960973000,0,125,647,,https://sra-download.ncbi.nlm.nih.gov/traces/sra73/SRR/008524/SRR8728622,SRX5521680,,RNA-Seq,cDNA,TRANSCRIPTOMIC,SINGLE,0,0,ILLUMINA,Illumina Genome Analyzer IIx,SRP188422,PRJNA527060,3,527060,SRS4488919,SAMN11126161,simple,9606,Homo sapiens,GSM3670929,,,,,,,no,,,,,GEO,SRA860114,,public,809EA596CC00D0CAD7687FFDBCBFED89,A132EA7F158B643BF3A10DBFCF047056
SRR8728623,2019-05-13 16:37:12,2019-03-14 16:30:38,15507979,1938497375,0,125,641,,https://sra-download.ncbi.nlm.nih.gov/traces/sra0/SRR/008524/SRR8728623,SRX5521680,,RNA-Seq,cDNA,TRANSCRIPTOMIC,SINGLE,0,0,ILLUMINA,Illumina Genome Analyzer IIx,SRP188422,PRJNA527060,3,527060,SRS4488919,SAMN11126161,simple,9606,Homo sapiens,GSM3670929,,,,,,,no,,,,,GEO,SRA860114,,public,EEF18418EC13480F8CAE42EEB9667B60,9F6465419E11C1869CBC8E59E6DB1051
SRR8728624,2019-05-13 16:37:13,2019-03-14 16:30:41,15805359,1975669875,0,125,646,,https://sra-download.ncbi.nlm.nih.gov/traces/sra42/SRR/008524/SRR8728624,SRX5521681,,RNA-Seq,cDNA,TRANSCRIPTOMIC,SINGLE,0,0,ILLUMINA,Illumina Genome Analyzer IIx,SRP188422,PRJNA527060,3,527060,SRS4488920,SAMN11126160,simple,9606,Homo sapiens,GSM3670930,,,,,,,no,,,,,GEO,SRA860114,,public,5E4EBC4178E337A82EF831B27D8C73B2,A4A5BFBCBD939A70D35B856EED132AEB
SRR8728625,2019-05-13 16:37:13,2019-03-14 16:30:21,15888577,1986072125,0,125,644,,https://sra-download.ncbi.nlm.nih.gov/traces/sra16/SRR/008524/SRR8728625,SRX5521681,,RNA-Seq,cDNA,TRANSCRIPTOMIC,SINGLE,0,0,ILLUMINA,Illumina Genome Analyzer IIx,SRP188422,PRJNA527060,3,527060,SRS4488920,SAMN11126160,simple,9606,Homo sapiens,GSM3670930,,,,,,,no,,,,,GEO,SRA860114,,public,EE7FCF1F4500799BBB9ED60F7C47DDE6,C160B0623B509B845D58639DFF8E28AC
SRR8728626,2019-05-13 16:37:13,2019-03-14 16:30:05,15886483,1985810375,0,125,645,,https://sra-download.ncbi.nlm.nih.gov/traces/sra0/SRR/008524/SRR8728626,SRX5521681,,RNA-Seq,cDNA,TRANSCRIPTOMIC,SINGLE,0,0,ILLUMINA,Illumina Genome Analyzer IIx,SRP188422,PRJNA527060,3,527060,SRS4488920,SAMN11126160,simple,9606,Homo sapiens,GSM3670930,,,,,,,no,,,,,GEO,SRA860114,,public,A9E83C3FCE0AD522C5349C5062F3149B,260C2A9449429D5B13A3C6AB293B248A

